Feature1,Feature2,Feature3,Label
-1.3197237218037745,-0.7022405415752285,0.5381744040638309,0.0
0.20894409869318747,0.9720023505674632,0.057480563842276726,0.0
-0.5813020532410972,-0.9657883180428681,0.7852986076994338,0.0
0.15825265475223216,1.3284801072941788,2.083817279012621,0.0
0.7264209197923949,0.7336526217200353,-0.19755499509105373,0.0
-1.0933695554350888,0.5383039366508945,-0.8160018799391995,0.0
-1.0258384012481385,1.8765124164294447,-0.21584851030147564,0.0
1.591484674529948,-0.022125583520531535,0.11661865341287332,0.0
-1.9551150388533571,1.689465544428069,1.1025241029743995,0.0
-2.1242152927866393,-1.1826895274136429,0.8343778040484076,0.0
-0.7277911186784852,0.06726851297425095,-0.8363290491946394,0.0
-0.09457703469928677,0.22779096161802376,-1.6115894003522016,0.0
-0.7624902178574801,-0.269974630853218,-0.10714008842363182,0.0
-0.4693796566319703,0.47928966835412845,1.1738414680707951,0.0
1.3645022714335904,0.9334065178282638,0.8338948286309217,0.0
-1.451180213227889,-0.38079546333455294,-0.8518815325572837,0.0
-0.13758920346966466,-1.9283685371521095,0.9424621528861047,0.0
-0.07933689571604462,-1.080660100641089,-1.7745990152953444,0.0
0.20600927205879296,1.3521721316017328,0.11533975649212927,0.0
0.9337160146416154,0.46156717554503285,0.09871395478014527,0.0
-0.8940567789943181,-0.2811407804717779,0.8913431055002619,0.0
-0.9874124654272429,-2.3333105057286194,-0.650451316006727,0.0
0.6973507829597925,-0.06591953064996274,-0.6278608007542962,0.0
-0.1189294117521339,2.1057228499913547,-1.1648113766181865,0.0
-1.3648931831720916,-1.1657456732730802,0.1410393294230573,0.0
-1.1692120801726678,1.7550305155710613,1.3121868697018626,0.0
-0.37011847696693173,-0.8266396730790674,0.5833847250384644,0.0
0.7034088466993057,0.15551743057533896,-0.768746153104116,0.0
-0.07621910201921683,1.5284766490905173,1.7857615699618832,0.0
-0.042638960672410804,-1.440704098348105,0.4115329490704034,0.0
-0.9339384121834744,0.3725048538088146,0.571932804435641,0.0
1.0533018595439598,-1.735448903228587,0.24985222927453346,0.0
0.6874746536857359,0.3333398793592653,-0.5548705525121118,0.0
0.49241730692558555,1.063706932934831,1.644537537587784,0.0
0.38441316193427627,-1.3082402743156583,-2.689754728446651,0.0
0.3312104476047655,0.682369276589033,1.6224583748725792,0.0
1.3125378893541093,0.5277269256585851,0.7073510557834675,0.0
0.17896639354640262,-1.1473774158288166,0.49732350495907773,0.0
-0.9803637405858285,0.9242310980093809,-0.8197366223887846,0.0
1.9746509763100855,-2.3347342797359634,0.18114667491731645,0.0
-0.4352657129882252,-1.1368023318807776,-0.059969909748247674,0.0
-0.4662732879902146,-0.3019230353194083,0.05628098734840614,0.0
0.7275386004401531,-0.38098187380392395,0.8983707427803854,0.0
-0.2049802899555317,-1.2251510285275542,0.20734046405289341,0.0
-0.3138759851822357,-0.5920997637967045,1.0249126049451713,0.0
-0.9256016946247578,-1.4133273698519409,-0.09910518096143878,0.0
1.2106042705888538,1.7551298747800352,-0.3313815347821738,0.0
1.1826532160705503,-0.09893205475023363,1.3153431298885025,0.0
-0.04979290611768395,-0.9464503464779429,-0.15892569316036317,0.0
0.5317629532505325,-1.5776776627401092,1.454473236473472,0.0
1.3803998315227246,0.36585271338488484,2.1899876455346257,0.0
-0.25656127625435343,-0.2751617318935993,1.9864327493675693,0.0
0.12232239059654436,-0.6519571369408653,0.6354821448732049,0.0
-0.29678241856986876,-0.1523592021450485,0.3981727954936205,0.0
-1.0326821746362433,-0.5538682535601974,-0.20514530102146902,0.0
0.21576834944583304,-1.660009265746639,-1.4144660323262206,0.0
0.3728154786078079,-0.7692813168986791,-0.0428816955766276,0.0
-0.32679198532247095,0.16367829345253274,1.5063799303118608,0.0
2.136860735021832,0.4853801169050692,-1.3313532995377142,0.0
0.06472988688183022,0.018962270885386295,-0.5870809994123913,0.0
-0.18711710196006193,0.3405504577294683,0.8316213790427951,0.0
1.090442808905712,0.21687772037118352,-0.02991557090561266,0.0
1.4942845520330301,1.0678780150938725,-0.7923129092671789,0.0
0.4017810327657323,0.38381582087142535,-0.3743140940818742,0.0
0.7510633237042765,-0.7941651203224573,-1.4778504490316904,0.0
-0.3365590523344719,0.9038250179585177,1.1429216445189312,0.0
-1.14725943563778,-0.16829805811942772,0.845387176494127,0.0
-1.0741884993008564,0.000835770483394382,1.0466481716122282,0.0
1.542969843674513,-1.4327363712365162,0.9232387158704468,0.0
-0.4696153020845911,0.7825441295390406,-0.307530915617664,0.0
-0.2555685832588823,-1.7551650799567156,0.479395734165729,0.0
2.0940849859026374,0.7286889415434207,-0.5389894305810751,0.0
-0.34511540785813327,-1.2604748899452207,-1.0738420560209647,0.0
-0.1298290103567162,-0.3633175455310679,-0.30605168572620095,0.0
1.1718105390343236,-0.3111140414240279,0.4746926248448614,0.0
-0.3391322454778542,-0.718006301903604,-0.06796730470135719,0.0
1.4433055912728368,-0.6133016958329327,0.07777395103816398,0.0
0.6840242128172774,1.0151737503882023,-0.3530825274203111,0.0
0.3463089024927828,1.2521546227563736,-0.03377938581758797,0.0
-1.8292767465535593,0.9858478241759022,0.5564809113332698,0.0
-0.867256989808044,0.47527264905569494,0.3142441150073356,0.0
-1.0548195877944886,-0.9343591866604534,1.756426727978613,0.0
0.15214392797753723,0.5548079365710143,-0.10326859495329403,0.0
-1.0839186448887375,-1.8196905004751462,0.4449791831723638,0.0
1.2807858929722742,-0.9854618913399045,-0.21814827425206854,0.0
0.9939338829409025,1.4474812595584388,-0.25401370191240147,0.0
0.6655254190660318,0.73212796579046,0.37404545487193136,0.0
0.45355083454691075,0.035902278268204295,-1.0535477198031726,0.0
-0.0664943105713544,0.39741190154115463,0.9824857327384809,0.0
-0.25428633571438913,-1.8895297306801815,0.325322142347424,0.0
-0.08583665359609013,-0.7939035695274725,-0.40262293218271217,0.0
0.6170455235360233,0.2371163330472784,-0.69613704517196,0.0
1.139027629275728,-0.6030405002477215,1.0336944802198818,0.0
-0.6903558248794887,-1.6632191111427232,0.6805222374489197,0.0
0.9747344198069346,-0.18016573421487803,-0.24211181807825635,0.0
-1.030725009856534,-1.2348474951564585,-1.9375065240337102,0.0
-0.9906664200124182,0.7095429271649302,-0.4488431827097181,0.0
-0.8985969285785375,0.059607147198441124,-1.124766442792535,0.0
0.15529491001321266,-0.6596687271980511,-0.06370434162853633,0.0
-0.20774595045266345,-0.6520654420738735,-1.0645818814141779,0.0
1.1413008948729877,-0.15711971330867702,-0.534341764001062,0.0
-1.1462398885675527,0.8566256779929484,1.717614951547024,0.0
-0.7330288015213984,-0.9647889736427812,-0.36788390094849427,0.0
-0.9082389693206372,-1.6767961930229491,-0.8715124634131199,0.0
0.052779935187810816,-0.34310024718203613,-0.6390401337368601,0.0
1.5843234258628052,-0.15029368833741266,-0.8666984296738903,0.0
0.7906134363815929,-1.4501394630722786,1.6005591842464086,0.0
1.0016612712413053,-0.7710831316015224,-1.659996919968434,0.0
0.24113604271385813,0.9276218623495842,-1.2847818518458558,0.0
-1.6800335765838175,-0.28807770896665386,0.1018816669686754,0.0
0.6924593200646179,-0.6450380675439229,1.2046416916898786,0.0
0.49682238478154506,0.04145386871609375,0.4491833396059739,0.0
0.32558287897276544,-0.8989149593159415,-0.09330724813641425,0.0
0.8454575963161979,-0.00892384855406432,-0.8509684185092534,0.0
0.7019067621286421,0.9791248408431318,-0.8152059554185369,0.0
1.1204025168617329,-0.6846660794125713,0.8276179591706748,0.0
-0.9499077745714479,-0.5178133340549019,0.46600451207370786,0.0
0.8977535566180775,0.8334801145836289,-0.7069929587189839,0.0
-0.011692635994128075,0.9369845440060172,1.1858190806672018,0.0
0.6647339190912199,-0.5609588491670083,1.4887801780029106,0.0
1.3811671430809978,0.22376267577169462,-0.8387341906927855,0.0
-0.8806562080067898,-0.5535347195374529,1.8498037277084964,0.0
-1.5995412609037798,0.6869213706397065,-0.19214921382266265,0.0
-0.12546541839407085,0.5845942728481723,-0.40496654119714565,0.0
0.6547319760761664,-0.9110058605769982,1.8066890104290534,0.0
0.6820765128976642,6.669499880039542,9.957547405711527,1.0
-1.2441186317884279,-1.05277979061275,-0.8169077497979886,0.0
0.7903706911051397,1.7780291348965471,1.6092832087165578,0.0
-0.9414341191563659,-0.14612087415658323,-1.3343255874164441,0.0
-0.4970174119850096,1.051774491686041,-1.2432157026621424,0.0
-0.362314834251751,1.1539887945377052,-1.3145895840868065,0.0
-0.7553353035844534,0.07295462290355836,0.7540699679121994,0.0
0.9937552695803554,1.2939176636553098,0.6753493592515843,0.0
0.5386616237055619,-0.5730179368764121,0.7187828380497756,0.0
1.1842388691397927,-2.0426502062457965,-1.7007910401661082,0.0
-0.37832236943312414,-0.6475038756348007,1.0070593040671318,0.0
0.9909376672247424,0.042441917898639145,0.6753909202482906,0.0
1.8800593775709855,0.31686906720213537,1.4478180098021427,0.0
-1.9217794446530225,2.7412832554700386,-1.1137052435417996,0.0
-0.4342588942265543,0.8544070498664422,-0.30414809072959625,0.0
0.4158744159928423,0.31523631168452565,0.3824790896425104,0.0
-0.7066168345629535,-1.0844005646218455,0.9658306365488084,0.0
-0.8814226742599393,0.07550026491856586,-0.4859553639039312,0.0
-0.7649624215867149,-1.7750725335098048,1.243124518060712,0.0
-0.3765064275788686,-0.5151007712294082,0.8723293352708935,0.0
0.3192914884267971,-1.1442260552989965,-0.33579885178697255,0.0
1.9405796387439314,0.7440841441836048,0.9316606329589139,0.0
-1.365640023746593,0.7078752134024596,-1.003051141350925,0.0
1.0016925754265018,-2.485372138327493,-1.2508468546255755,0.0
0.2670217381365942,0.5264093862452234,2.312257282911774,0.0
0.44855599577576566,-0.5465964433941278,2.039500368709089,0.0
0.9303918463480356,-0.22545684525522394,-0.5426971960334268,0.0
-1.2000772775550743,0.9578765886291629,0.4010890210638385,0.0
0.2827004677691009,-0.5555216309708574,0.44218997355266954,0.0
2.0665058048486773,-0.3993922420924598,0.34577473208205434,0.0
0.8962880229574314,-1.845459488596453,0.13765392599763027,0.0
0.02112022661147773,0.9861093645703651,-0.4357213878956362,0.0
-0.07315079217437262,-0.16584374460120607,0.08985005575290074,0.0
-1.1220919071917341,-2.221159568599567,0.1048652909706068,0.0
1.650144260480527,-0.7992959505261965,-0.5253976292279933,0.0
1.031780350072852,-0.27360009818621134,-1.2071592702285148,0.0
-0.5456142535309928,-0.5144839633375683,-0.15219200926124524,0.0
0.6622877844551404,-0.30937115756000555,0.13544666329640276,0.0
-1.799938771052152,-1.1345890010863007,0.5921046903728127,0.0
-0.8174024722311224,-1.0087337063449107,1.3365102380980458,0.0
-0.8211515113057366,-0.18066242433916546,-0.08855587707149365,0.0
-1.198717071418131,-0.7652925833748017,0.5322393703822026,0.0
-0.9397209454616798,-1.2050116365266133,1.4189544583782001,0.0
0.5166645527518051,0.3485310135844996,0.03530103787937208,0.0
-0.26233210241173255,0.9346306673072785,0.20490597405140717,0.0
-0.8356465515616688,-1.0360655757290507,1.2174590450299685,0.0
-0.96419377395185,-0.9969636148075692,0.8987589125263127,0.0
-0.6432390146171982,0.5790031934469511,0.2483652182485963,0.0
0.5147816118888182,-0.25785390907899086,1.7584397776274456,0.0
0.7854767631356039,-1.947245601638745,1.7085165791932293,0.0
1.7775159907893963,-1.1008712851358686,-2.73145513949143,0.0
0.48656568133511674,-0.4607084826474575,-0.5857160656467019,0.0
-1.0272055028882128,-1.89894405188117,-1.0529544574676912,0.0
0.7341535451374926,0.6852608612600194,2.1275285569924542,0.0
-0.1317211003951458,-1.2106546636317,-0.41719466012930406,0.0
-1.2525796358014034,1.1459874518418962,-0.8184098453825165,0.0
0.3582397084662741,-0.3057291615532737,1.195057675628032,0.0
-0.7399300810363975,-0.02516481267024297,-0.0981929709710126,0.0
-0.19148090900012973,0.3409649194675007,0.010009668757570311,0.0
0.32922280698378287,-2.236974883297769,1.8550576014378268,0.0
0.4089140420187529,-1.8592449804562563,1.657753209095639,0.0
-0.03869931944898661,-1.2147321439902505,0.16191930138685648,0.0
-2.127428395342452,-0.11611121637245221,2.479944382593442,0.0
0.2897191150062973,0.04340806272129817,-0.6264861242790425,0.0
0.058382116578184776,-0.0836066330224129,0.8615694257833729,0.0
-1.4787640674138385,-0.3378143776414783,0.7111064048254649,0.0
0.6452674823178071,0.5020885338918478,-1.9172304676587684,0.0
-1.408791028776364,1.6686869738319587,0.43159684599283343,0.0
0.002645479694971415,0.61746494890147,0.8369096260259561,0.0
0.9756875251337223,-1.4563175463573976,0.6115247537603948,0.0
1.1908179191800123,0.3260477092612595,0.9999205360600638,0.0
0.4147083520096546,0.7498707928828489,1.3741953277719323,0.0
-0.8151618180496362,2.0070025450183246,-0.7240394370698938,0.0
-0.5896424690743155,0.4950243972895592,0.8273321603355899,0.0
-0.2944616333594683,1.9179577953380271,-0.3761037629684305,0.0
0.10809428692712879,0.33628543317099335,-0.6782630256764671,0.0
0.33637510635046,1.7954455833749872,0.1698725538383072,0.0
1.0719754356695892,0.9765949301257374,1.0518536912100145,0.0
0.11887046833227743,-5.185114088776552e-05,0.8790128710787832,0.0
-0.8974432172770186,-0.5499079431868824,-1.4217719320433058,0.0
0.795983794966137,-0.09398514948254053,0.6363402135644417,0.0
-0.2750942211267223,-0.35509441062106906,0.7307364273251669,0.0
1.3384636878400533,-0.918666167939465,-0.07668407021841313,0.0
-1.7718891045079512,0.021381322491167438,0.6204207818287378,0.0
1.5396025772804287,-0.016353466564074846,1.4791100315538586,0.0
0.1877552898438161,1.828235152352424,-0.3324918617587057,0.0
0.43213592854942623,-0.4618822336219618,-0.2797142582737172,0.0
0.6345847341417142,0.9860129605304236,-1.7275447874943024,0.0
1.4855944197205433,0.36917841104318344,-0.14059391232483937,0.0
-0.3167409443651444,-1.091757159024071,-1.723224150505059,0.0
1.210483594519958,0.9958673833133631,-0.260590322989494,0.0
0.5033781522126911,0.6581153780320386,0.18528778554595668,0.0
-0.19583431103354046,0.855992248058084,-0.4732327301899634,0.0
-0.0032401930786406944,-0.48192450512739465,-0.5758500028473501,0.0
0.5141797956187035,1.886608080495158,-0.26559083862585253,0.0
1.0165788602841628,-0.717843741040034,1.056443235507627,0.0
0.04002599127448639,0.5738954607440125,1.0375574364870017,0.0
0.75853257042999,0.6210304480083401,0.8051108825812573,0.0
0.6656067223145407,1.0963557954758172,1.12837874135575,0.0
-2.254871540091306,-0.01363340468571884,0.21349998624756966,0.0
0.7073877674997527,0.3410913044679917,0.6739072812329011,0.0
-0.10265976760717999,-0.042091199720226714,-0.7761997125454564,0.0
0.12021440806471867,-1.0805189685350722,-0.03402429563398993,0.0
-0.6889223135703556,1.08871715499757,0.22866518973996952,0.0
-0.6595974890042613,-1.604275539508039,-1.6301579857228963,0.0
2.5416145195852557,2.204329209605226,0.6929527604772476,0.0
-1.3919587102143802,0.9053184957354614,-0.6093653862151619,0.0
0.42332387034873564,0.3810724433591411,-1.049746965695068,0.0
1.0494148341058904,0.24223124571480625,-0.8446799965180656,0.0
-0.5834236818643574,0.20578972670333326,-0.6932354412609972,0.0
-0.9965864812726025,-1.481122943380781,0.1101860246081805,0.0
0.9261064635564672,-0.728875670572849,0.09265382481354487,0.0
0.6071195741363656,0.19704949317323406,0.6166778910975423,0.0
-0.03210447550051798,-0.5079609990405147,-0.3768060471733438,0.0
-0.7624778302417892,-1.4646603844375092,-0.6078179431935778,0.0
1.1770092644788583,0.8355988476422428,1.1949205310419786,0.0
-0.5214757717487444,1.028220387225632,0.9103515874159791,0.0
1.1359604344552299,-0.41143698502138515,0.7880625346509488,0.0
0.18479549230447792,1.4543286076388948,0.23365287477082175,0.0
-0.078361400275104,0.8066336924095221,-0.030548945519388165,0.0
0.17270101139955799,-0.5507443931850824,0.23397091171282547,0.0
-0.9639605987150097,0.7928403647156703,-1.3006091642770454,0.0
-0.6670038698016807,-1.0435226856892266,1.5891887400821552,0.0
-0.7441561064207471,0.9496094159532137,1.2524613935472204,0.0
-1.6417865630752533,0.2078820594728394,1.22607437784139,0.0
1.7136615503081927,0.7700684845203033,0.3020694926448378,0.0
0.6277311159588009,-0.22276029121670438,0.2654873947369684,0.0
0.1256259602057918,-1.0921865148020844,0.4731220822683651,0.0
0.6466616089958499,-0.03644925007435736,1.9711764366332187,0.0
-0.752318627138822,-0.7903218720183857,0.4075375994415511,0.0
1.122702557287508,0.48169682631485383,-0.027208595944853666,0.0
1.0516823212587743,-0.5964319551407525,0.9128533896144022,0.0
-0.8015244869343199,-0.2810680472278923,-0.28694614425254866,0.0
-0.8962884178613817,0.20766012552450733,-0.27464172909496176,0.0
-0.22214967537843858,-0.8272117457167115,1.319079362913246,0.0
0.054290758129795294,0.10624998985929954,1.1260779338878808,0.0
-0.25277455914730845,1.2680921393449396,0.1512527904841101,0.0
-3.739315866162314,-8.516351125014769,-6.662073132538897,1.0
0.131205463847922,-0.7861301755833,0.24177316112877928,0.0
-0.4705912418400215,-0.1965183331051471,-0.3285763832906877,0.0
0.06497063342226313,-0.6170598258673885,0.37728576350955173,0.0
0.011683972056677762,0.7609084431423812,2.212221548823343,0.0
0.5971062098018186,-2.1737229639420272,-1.266362948829026,0.0
0.3020481017882145,-0.41775129105567727,-2.9574777786198343,0.0
-0.9302532919800461,1.0302835109957935,1.617877009881207,0.0
0.1557835271674879,1.5238882354304626,-0.6600499797101285,0.0
-0.5999159874246346,0.5968150707317632,0.932015800474767,0.0
0.3024362648816522,-1.1625028939431739,0.7993832014444903,0.0
-1.310664290564822,-0.0990904010303709,-0.3606011445762262,0.0
1.1207442526473042,-0.3952715763745679,-0.7570597095863181,0.0
0.45404464165206754,-0.56990754862555,0.026387813753736267,0.0
0.7407429674603278,0.43733320759669514,-0.40616582400014983,0.0
0.4480342895755248,1.8891044131575343,-1.8980626128147315,0.0
-0.022853418986182813,-0.45054237545594483,0.2598156990004466,0.0
0.1863868301416409,-0.12990990601584926,-0.05794907636684346,0.0
0.0327134546865353,-0.06492731469425189,0.7435052852373623,0.0
-1.5083569540245374,-1.0973624157337158,-0.948037444629237,0.0
-0.6737297547794211,-0.9136252632592344,0.3311122598448376,0.0
0.3587948279254034,-2.2119909559061806,1.7458647823159448,0.0
0.17721962818400275,0.10279609092031805,-1.2022460464782614,0.0
0.3952401685316812,1.1340073315434722,-0.728382530567532,0.0
-1.7460987617049035,0.19714693568026564,0.6493005026190556,0.0
0.565087759424536,0.7822892107422185,0.5063236930359808,0.0
0.8956441857876949,1.2792471889491612,-2.043834230290516,0.0
-1.7597258801087958,-1.8265543611475497,-1.6474740674635147,0.0
1.403277526774692,-0.9799947046226994,0.5917204235939683,0.0
-0.45504542074236265,0.6403217224961624,-0.0019724538627327597,0.0
-1.6274358258233794,0.7655468284638252,-0.7104534977493407,0.0
-2.8231258458095345,0.02789322840436702,0.28044407391191234,0.0
-0.5537942933253998,0.7471496771061078,0.16947736722015092,0.0
0.11470160749076874,0.8080424053138765,0.9613726999312382,0.0
1.6515023623095073,-0.05442626730635175,0.09541270733022543,0.0
-0.5749774618998588,-0.7496900016252583,0.6257613560572228,0.0
1.5909105223488051,-0.2796269965599424,0.2706124616209119,0.0
0.2140022827213128,-0.4943643131411715,-0.5846345389386516,0.0
-0.2445340594242604,-0.0842416456561344,0.041817507524229844,0.0
-0.31377229468193935,-1.4499607287288143,1.0977738951760856,0.0
-0.8944669454041937,-0.7169233754172271,0.943026503157605,0.0
-0.8584614852894186,-0.19146297814150792,0.3836854312719153,0.0
0.6890044382198245,0.45179598667272153,0.07076902543423919,0.0
-1.7437891348189736,0.07993605959760637,-0.7821558111834214,0.0
1.2185749625701843,-0.2896695099958449,-0.10112209699221944,0.0
-1.1484371432617544,-0.756394994022913,0.5706906714398448,0.0
1.145477318760006,-1.5704006421148196,0.605982472262885,0.0
1.029080022920252,2.6229288025608546,1.3347156427890599,0.0
-0.7909003753834355,-1.0606491356922165,2.0109095820972325,0.0
-1.6257594767534391,0.7857318089727875,0.5438006012842044,0.0
0.43628763374645224,-0.6438306363528561,0.33214934692040093,0.0
0.4920205510405332,0.11773443671964201,1.7644621584282842,0.0
-0.13829556178942337,-1.2726643565769213,0.7926174222361886,0.0
0.5538146973345554,0.796737681788138,-0.706569474503072,0.0
0.7527256702783612,0.0940777606438838,-0.4439862380224312,0.0
-2.1416980852576817,1.0087001687987855,-0.30184423562527224,0.0
-0.06710521894589078,-0.721029469728673,0.24002527911064553,0.0
0.10750302311139154,-0.06544935372932371,-1.2701426242704426,0.0
-0.08738336307610362,0.27332590805178475,0.5792098075170062,0.0
0.26675344203552026,-1.7246008851863643,0.6398449920307361,0.0
0.2063530149575465,1.516966798438737,1.4434061971157013,0.0
0.5435423108209314,-0.3369433193074936,-0.7870356924166062,0.0
-0.15367936838603838,0.4179132867206738,1.2324501506940626,0.0
0.21271766991254848,-1.6312605066944066,1.3174603283232078,0.0
-1.6474457351747425,-1.3805242632249053,0.7277050462975431,0.0
0.5388878078711624,-0.003930581813838049,1.911411111212422,0.0
0.6996193302396813,-0.540516548790187,2.275842882861079,0.0
-0.33403335568472226,0.17286848429082596,-1.0172312108055124,0.0
0.965107294556818,-0.4436829333008115,0.09514872707611885,0.0
-1.4339993164338793,-0.5545377622807524,1.1987152890667065,0.0
-0.8558795833293779,0.1944964813510988,0.2643157805182314,0.0
1.1259808414381287,-0.18314886893713822,0.5977662512468799,0.0
2.2344076877235945,-1.5506891274181727,-0.8229464045394229,0.0
-1.1528953543111546,-0.08242221781677353,0.6858585386184515,0.0
-0.9625105807080997,-0.6202647797517548,0.22683644796490607,0.0
-0.4165647908308632,0.21518245970150313,-1.518311800957124,0.0
0.10025155167659065,0.12258420744739723,-0.8555418271780426,0.0
1.1606686187512703,0.8278002419265537,-0.2210476771392059,0.0
0.11848035505528734,-1.5296968946937683,0.3884484719149396,0.0
1.6118693952647352,-3.7664697421245608,-8.245349552899805,1.0
-0.4738402440931735,1.3977967456903868,0.8391831892956619,0.0
0.25340193041315784,-0.4198251570182367,0.810217800629741,0.0
-0.5687605762520893,0.7279391811194794,1.2262156603447192,0.0
-0.44317999744290804,1.0763322721246313,1.4135012318579103,0.0
0.7339150432789981,0.4170379703421644,-0.09591604570168562,0.0
0.35699214921285727,0.7740841650931884,0.3224621686977895,0.0
0.09725211024800856,-1.1587890332291138,-0.5634096009976635,0.0
0.6899827762606376,-0.6467212984257739,-1.3964642884400955,0.0
1.2809519579063702,2.249717012667872,1.8690068631404113,0.0
-0.5135028830630639,-1.210600401281772,1.1992164943483823,0.0
0.5813285112594455,1.0625628710447692,-0.5651317481313753,0.0
1.4596036473023801,0.5086103322962048,0.7660743732789331,0.0
-1.5986637603469267,0.2146174244697358,-1.6666525470539666,0.0
0.3572444084401502,-0.5893874672848495,-1.4766398478371958,0.0
0.9685455302129331,0.6352208865842631,-1.9956154810965925,0.0
-0.37561854757454866,-0.1213505660688909,0.8786098509376595,0.0
0.225016957444313,-1.2557279434661521,-0.7151502956288749,0.0
0.6534176121557392,-0.39941448480867214,2.280430246105981,0.0
-0.4432895099642492,1.7001699077857728,0.7447333093498866,0.0
0.8197933720132031,-0.9222872930661258,1.6289308360766706,0.0
-0.39086961316185115,-0.04664973786127063,-1.0772832759953717,0.0
-1.2514821328344277,1.0485439328804256,-0.014462680657070313,0.0
0.9065691321231881,-1.0704716547313502,0.9938796078896032,0.0
0.9471038813617848,0.4118885740566528,-0.2888810496247175,0.0
0.8538248005977515,0.5223366437357101,-1.6272618043110385,0.0
0.18787045324233212,-0.025065118687803204,-0.6964273616552269,0.0
-0.7040934323816255,-0.5942860026301567,0.7195042425694237,0.0
-0.3228250980379429,1.2108285057363464,-0.05891799345529914,0.0
1.8674653024984058,1.662377311664643,0.3515295859374859,0.0
0.7541212470096933,0.033225478580475615,-1.5662028626937168,0.0
0.20311752942693187,-1.2565117922562334,-0.5209063542929309,0.0
2.1949636393091243,-0.10724275496572687,1.2363846112846995,0.0
-0.4335426633146565,-1.7646806640530412,1.641058615280809,0.0
-0.5534801986530241,0.517035074874021,-2.7259394727679953,0.0
0.2796794354780775,0.9303843764059297,1.2969569120830835,0.0
0.433110336596342,-0.19013250113531768,-0.22411583459824996,0.0
-0.6230537508999592,-0.23634634686752332,2.2117929521785387,0.0
-0.008752034149373415,0.46254990490298326,1.4119434380350562,0.0
0.5312567587225205,1.164731513580076,-2.154708083601386,0.0
1.4824662975165075,0.22280222087992885,0.3506218990459692,0.0
1.1419123738309644,-1.2174657787897265,-1.5087291930818114,0.0
-1.0042397482343532,0.8267138572310814,1.4659371785295168,0.0
0.7102461993159744,0.27871941714761006,-0.33464206826798476,0.0
0.19175330701797322,-0.7267738911129614,-0.524030011818138,0.0
1.2000237542925445,0.4218031693441281,0.7601162003383013,0.0
-2.5924204688686205,0.8778767225685928,-1.3032251559769363,0.0
0.3937736421536983,-1.0158011692116882,-0.23336726562177135,0.0
-0.047867036404558444,-1.2053846648339517,0.5544936902371492,0.0
0.8835270573131897,0.4031915485270734,0.021310898823727664,0.0
0.6234108889003069,-0.8351908282184733,0.5622901024700738,0.0
-0.036857395271674684,1.1493393754546075,2.9913309515764515,0.0
-0.3896953033263433,-0.74429323083033,2.6352205760430953,0.0
-1.0912368380123216,-0.09571636383705188,1.5907815266090952,0.0
0.0757001861548903,-2.3295749823993885,1.1287947256095823,0.0
-0.036230389508144174,-1.7959932930035374,-1.0657625351933124,0.0
0.7736172670290838,-1.4906490964053443,-2.034702086682571,0.0
-0.7178538795777833,0.7460328056539678,-0.6651095701252109,0.0
0.8817091846829592,-1.100617253302785,1.550171821930777,0.0
0.8438195370641135,0.2399096284471863,0.9555797751604761,0.0
0.7932362035780457,0.03983322023467387,-0.08145835903510101,0.0
0.2349297264319298,-0.8072123369404474,0.5848509131893549,0.0
-1.3160799227205322,-0.4776040905697713,-0.5013994786681099,0.0
0.614883663889255,2.349376267033527,0.056778130454185026,0.0
-0.4452546256854362,1.6377900975171138,0.24026093929062603,0.0
0.5754225562173639,-0.045466105562368735,1.5742123352896202,0.0
0.18996330769837233,-0.4194477483323047,-1.6818803480027378,0.0
-0.49091824431070835,-2.212907517324633,0.7390038416481849,0.0
0.6625470447653821,-1.0263681884904683,-0.9400080117935526,0.0
-2.258159839963863,0.5348727222759143,-0.5618482550902938,0.0
-0.019496791545307552,-0.03955120642755346,0.9257250233825569,0.0
-1.205029699805425,-0.43719168725143986,0.6640098576290573,0.0
0.8511761346483685,0.3724389049299431,-0.14258222949277877,0.0
2.1694515630627778,-1.383067237877101,-0.8558155212781318,0.0
-0.5634739960698539,-0.9139635517726715,-0.0266932795854804,0.0
1.2608465155203246,0.48610111997078526,1.3668717926640714,0.0
0.6925946673714084,0.7065527378273909,-0.9963404403970514,0.0
4.5714065821022665,-7.342863724768273,-9.49698251472782,1.0
-1.3845393713432543,-1.2132296313442645,-1.0257529260964082,0.0
0.06633085191669993,-0.9664117464139576,-0.035080241315813755,0.0
0.29709139714825405,-0.058436220820800716,-0.5086452675706533,0.0
-0.8938801566990123,-0.830722563678465,0.2629540644838275,0.0
0.46411869951410933,0.8396427540948399,0.05512627609318465,0.0
-0.9188769905345682,0.6519980309496914,0.2970599962019394,0.0
-0.624639068245285,-0.8458772761809357,1.5551086981410052,0.0
0.21562283788644673,-0.3543466359833137,0.20269016577613883,0.0
1.1986020474862167,-0.3954902797885359,-0.9396800307322584,0.0
-0.011861858734231177,-1.2234693550745348,2.3512144906486268,0.0
0.9804845322613772,0.018050845709281452,0.01521665107883576,0.0
0.3906091026277426,-0.6542622727207068,-0.6814551708256588,0.0
1.3348574644297342,0.1632905361151683,-0.7223320625427323,0.0
-0.040169657203560666,1.4649515760829759,0.23529659454140564,0.0
-1.2767532016908119,0.6995757946693941,-1.968820772256687,0.0
-1.2635411446657325,-0.7993014296746,-0.14797341179210544,0.0
0.4324578089744377,0.8328549593118634,-0.7388101703721521,0.0
-0.5453241333256666,-0.695241323791803,-1.3816529860241593,0.0
-0.9830437773641698,0.6997558779172525,0.404308129192901,0.0
0.8584113794530047,-0.08894739423881268,0.5595929580941896,0.0
-0.25155595005705467,1.014754596744978,1.839449744651017,0.0
-2.1293253129154577,0.29510649879471,-0.5471568085568862,0.0
-1.604185674074086,0.7679248040954024,0.978070879021074,0.0
-0.44505228679509035,-0.6467537995324738,-0.8826498465045577,0.0
0.872364532110829,-0.10737054904665189,-0.879048803533343,0.0
0.2605328966114558,-0.009649324918266677,-0.12648431557129428,0.0
0.8009322286226999,0.761497009510061,1.5946280858367703,0.0
-0.7842108553838689,-1.478695170147349,-1.3203150171495033,0.0
2.0418000165449763,0.7389231871807743,-0.8675676232941839,0.0
0.5727194591493907,-0.6731701108829543,-0.37595685150879143,0.0
-1.4048564433622857,-1.9553185504929718,-0.670051167557952,0.0
-1.8585503028723471,0.01717103873699214,0.9135269162076273,0.0
-0.5385724733467551,2.5245476988243998,0.15823023341729803,0.0
-0.2289498912868286,0.19725133528947467,-1.3949829872318011,0.0
-0.8129783500203097,-0.42233336776846886,-2.279448848941372,0.0
-0.42103539390625794,1.0204171892845249,-1.1962532945548705,0.0
-0.7378696078747123,0.11757476138945921,-0.9133218026424752,0.0
-0.6825700829758153,1.8733830622140293,1.0091932832333401,0.0
-0.03596894592219096,-0.4548233188977666,-1.0324135950978233,0.0
1.104540122733179,-0.38413618631558333,-0.7191605662898496,0.0
-1.0047608741782332,1.7045713946465462,-0.13729584271278872,0.0
2.175355856954505,2.0984629871312794,-0.34232473779069145,0.0
-1.8171106021471124,0.4654806795811405,0.46425801014838747,0.0
0.20117243887535974,-0.0658300076999861,-0.6306220078768945,0.0
-1.1590048854439903,-0.00032104441763875825,0.6173681807643262,0.0
0.14972127327339455,-1.7747599943544523,0.479481128587667,0.0
0.1302288736753231,-0.6874650063455919,1.091620673627266,0.0
-0.11989848411362228,0.8924473240163519,-0.6184234045781127,0.0
-1.9142783975116764,-1.6402393926191468,0.033922540440777305,0.0
0.39138429318216855,-1.1664668114434742,-0.40784879665458135,0.0
0.3666696985105146,0.4871107441181494,-0.6277923790333618,0.0
0.6843771013059606,-0.07646868114989751,-1.2547871718792771,0.0
-1.6548437072544337,-1.3864544911115066,-0.5620846798351992,0.0
-0.8960759938222023,-0.8394914686741436,-0.06129764627689445,0.0
0.26426159303127467,0.2925259186080084,0.04307621307067978,0.0
-0.028649412866719685,-0.2506739758728298,-1.206963631336399,0.0
-0.8834580600631042,0.5243114014833115,-1.513137718985398,0.0
0.8584391931550049,-0.13785418166909472,-1.1749772188195957,0.0
-0.19947892987352575,0.7992079077099964,-0.5398789757745726,0.0
-0.8604192990383535,-0.24710816442696107,-0.29704843082943033,0.0
0.821902099381681,-0.032253374247200185,-0.7554943232846556,0.0
-0.5546511768058272,-1.1421971668778204,1.1985130309494931,0.0
0.24052998258691308,2.1081605400190577,-0.24943402798396663,0.0
1.650368899479518,-1.5371964686176733,1.1659936732305543,0.0
1.7280437792735293,-1.6476784601473442,0.18464607772617564,0.0
1.8414580067402504,-1.5428543779153747,0.17739985803895533,0.0
0.20190003618573232,-0.15033102418906946,1.8987632292018124,0.0
-0.8089579111296068,0.3710248248923525,0.6901586174780184,0.0
-0.6385361056090538,1.492902382897924,0.5451229608406304,0.0
0.38955876551732793,1.113685442504372,-0.6645369993724148,0.0
-0.5261008910034295,0.25133629699631016,-0.06857164023526972,0.0
-0.8899079252948283,-0.04787978499213776,-0.12161799584273808,0.0
0.763949924519773,0.9146004061292128,0.9352496088113785,0.0
0.8278465590065857,-0.34183516008576287,0.7007633227334592,0.0
-0.23465391117536466,1.4519865917321857,0.3173341118787001,0.0
0.19050036383704352,-0.9869708878727372,-1.6634469576962565,0.0
-0.33942434353030626,1.246896826218847,0.6780455356110443,0.0
-0.1468645236583341,-0.14129502554873094,0.8933259060974832,0.0
0.6116236016463642,1.0931438659699793,0.32655156266617186,0.0
0.7528843858104901,-0.4232139553894192,-1.638893946858003,0.0
0.3503662997009476,-0.3136101978195538,-0.7123329599208719,0.0
-0.253589411749833,0.9934041146414988,-0.0008085927935705717,0.0
0.42257339179998726,-0.7330893999085503,-1.0416519981395835,0.0
-0.953408594425957,0.028855644338984476,-0.2825510707647892,0.0
-0.8077064314577843,0.20365816312015367,0.45998119930746667,0.0
-1.5072640796382728,-0.4465850675349132,-0.04640599072860715,0.0
-1.4435313882996355,1.017063788892187,-0.5956486475349956,0.0
2.203869968045513,-0.6260647168183245,1.2154728044288192,0.0
0.5424395172367175,1.60002601003601,0.6601814033749899,0.0
0.057761352221952285,0.3012858114723096,0.852957611244359,0.0
1.192833133560609,-0.05051391458544267,0.1930174630338531,0.0
-0.3129748074218465,-0.14767066053985514,-1.4787448149098967,0.0
-0.9024869735080353,0.1460811799079227,1.2552097764977852,0.0
-0.10653457622061364,-0.5807692615410605,-2.449101244093977,0.0
-0.5066618270177218,0.1616692245384643,0.13954271134309182,0.0
-1.00097690957665,-0.7807016769129624,-0.11021098316491171,0.0
-0.32494979984268013,-2.2210454382284377,0.48271415281691454,0.0
0.1276645223046097,0.4528144541925624,-1.5506374725766137,0.0
-0.05606790101963227,-0.9033010729827627,1.339877106187411,0.0
0.44573296792477696,0.33908848192705,-1.314231851947895,0.0
-0.29418053238228603,0.2874787162593429,-0.9769291187051576,0.0
1.0706446565393164,0.7784916594813733,0.05910290628229815,0.0
0.9130193047967209,-1.2213808688698624,0.2806476200148147,0.0
0.2011604272067974,-0.9183904100647762,-0.43921073434492564,0.0
0.9923547402710386,-0.7252270812020583,0.4340608258153588,0.0
0.46271614740961764,0.140062517700594,0.9782996385996884,0.0
-1.9223388064745996,-1.4809618452987106,0.032851091514223704,0.0
0.7521507767954232,-0.8289487151189747,0.9014636363022173,0.0
0.2403989180766286,-0.15748091267479464,0.16546923573690062,0.0
-0.999979355640598,1.0589004510750684,-1.0744312782706817,0.0
5.0262914397916365,1.1102344777181887,4.882084400662411,1.0
1.3033888201924055,-0.5825690116082237,-0.5798610646784165,0.0
1.1139529028690152,0.152724678349901,-1.4444343233852537,0.0
1.187400888844698,0.34833203508435684,-1.2429408278725944,0.0
-0.5926144399232889,0.9875521320869692,0.03705676296747721,0.0
1.374464506993623,1.1286781697066202,0.6431160418009559,0.0
0.7046210489405355,0.038401671956514415,0.3563295151106448,0.0
-0.262779140990828,0.6068675130835364,-0.13958334589337387,0.0
0.07947053414316815,1.7409679049504956,-1.4163219205669662,0.0
-2.7439534209594236,0.3308888193486112,-1.0055772841615283,0.0
-1.6537331280339909,-0.5290615027780607,-0.5556429995912481,0.0
1.6261274490886326,0.3063559833452629,-1.5056171465064125,0.0
-1.1855115487293906,-1.4235843443357155,-0.5446800211341258,0.0
-0.8038892257888178,-0.8221579399356211,-0.5063836876483879,0.0
1.4998165451980487,1.6809550038988645,-0.24769020838761396,0.0
0.271937089527716,-0.27360845646017024,0.5751686635549659,0.0
0.1896263499482372,-0.3840139250664216,-0.299527004812813,0.0
-0.7438716513741757,0.4010504063562215,0.6580545227008587,0.0
1.6167430680843864,-0.14456706050645152,0.07195775669356994,0.0
1.8668075010324856,0.322310435529924,0.7937868960980047,0.0
1.5142063347162669,-0.4371294946964276,-0.6492400211935218,0.0
0.6667866025969034,0.8042877417437607,-0.839829627443462,0.0
0.4874028651216742,-1.539606872701828,0.4379624362586398,0.0
0.6634298655576091,2.332803352828972,1.1575453887184188,0.0
-0.030772839321326705,-0.3089917497081102,2.114657539933922,0.0
0.258993225208439,-0.10007934649166182,-1.6778498143288925,0.0
-1.3318433877314817,-0.41777674337156,1.1652542420588223,0.0
-1.2706488578503663,1.4174726506375877,0.12464523594548681,0.0
0.47081615647269204,1.7693024749343618,-0.4627348659126292,0.0
0.11753756021459524,-0.1179998651258524,-0.2750461063326753,0.0
-0.9673372024036778,0.2333347381961959,1.7908897742756913,0.0
0.2368779667956873,-0.03502774786513979,-0.24183218930710668,0.0
-0.11442379409538508,-2.038687628338053,0.5467942262476434,0.0
0.20148779022628246,0.21497791867789423,0.3295181094194298,0.0
0.21535794483146747,-0.8330994772350437,0.026545384094590438,0.0
-0.6396455058956689,-0.7929855112071305,-0.27970122379097057,0.0
-2.413441518597062,0.45204971802015875,1.076810389305613,0.0
-0.93382863595817,0.6328231763937029,-0.0901947083255266,0.0
-1.2496342894518975,-0.857927212910156,-0.24972514119578382,0.0
-2.2745114683168897,-0.3082545717251936,1.0420232355056758,0.0
1.3240521590349963,0.33223300697383507,0.6638832195078757,0.0
1.160650287568604,-0.6564350693475132,-1.3429402472325507,0.0
0.5051564226621673,1.8359317541030848,-1.5018198983591617,0.0
0.14431732193924496,1.5189523736360704,-0.2583164574044466,0.0
0.819229998177081,-1.1057562850885652,-0.7851209561889622,0.0
-1.182897311911694,-0.014107887067459,-0.10950377857442264,0.0
1.181578061306624,-0.22688981317729487,-0.49200974619025734,0.0
-0.8299374793371365,-0.37776607537439344,0.14877731377705394,0.0
-0.43247821404501,-0.13663669457501995,-1.9381177293357699,0.0
-1.3409047292208491,-1.7163009427685179,-0.28934590881539046,0.0
-1.354897018487832,-2.7938464412378963,0.900117782034476,0.0
0.8741844436981121,1.1510073306139985,-0.9928708695675507,0.0
1.0307756782359052,0.3297552348240406,-1.7320569060899695,0.0
0.9875443793681128,-0.5897349099511234,-1.0030065003621087,0.0
-1.0465310372516379,0.9956299465330538,-1.4719729986051864,0.0
-0.27166666245550924,1.112744645101358,-0.8480567224366946,0.0
-0.43416303271742307,-1.0380455248371085,-1.196144642834913,0.0
-0.2820911278311691,-2.4087734381809676,-1.069998237194811,0.0
-0.8769253356130258,0.0707966623961405,-0.0051007576143997,0.0
-1.2634681087518285,7.960333029570176,5.0987859596797165,1.0
1.100952972711761,0.43606220167965754,0.7123855259705358,0.0
0.17139403844150558,-0.9469203290878053,-0.8301042425495203,0.0
0.02587065154813021,-1.2065822971108542,0.28739942820485254,0.0
-0.791528772342834,0.8767434131235773,-0.2333442721820187,0.0
-1.0034867197655282,0.1675804862669146,-0.3721767678918873,0.0
0.02387214195850412,0.17437144031189886,1.5023937507620897,0.0
-0.32801415118810806,-0.07659476818934147,0.07505486164665087,0.0
0.6543858462411105,0.723507628313917,-0.5930577113765632,0.0
0.5570898549634296,0.23113416181329866,-0.7263380080668322,0.0
-0.00827182957574777,-1.3854056255678744,0.6855357876781993,0.0
0.24805645050121108,-0.6702320796602472,0.15345738843273823,0.0
0.24604007196362582,-0.5346199814562222,0.709386667221272,0.0
-0.548525471133838,0.4167379121600267,0.22900954363797144,0.0
-0.485350472904244,0.7848042775503478,-1.143517182174719,0.0
0.6342201141568383,-0.17774108348933784,-1.5244078842009887,0.0
-1.6406562570693153,-0.1428725063363291,-0.9879817512243297,0.0
-2.1217008248259464,-0.7605787128844046,-1.8332705299043321,0.0
-1.416024643498604,1.4076536936656825,0.5706514754106511,0.0
-0.04161242791838481,0.3261767819549451,0.2947034125924681,0.0
1.154821552554216,1.888549898541806,0.9511883256738441,0.0
0.8004215366408655,-1.0048895061623913,-1.0055925231844836,0.0
-2.0217617961828176,-1.072291749313771,-0.48515073230431005,0.0
-0.5366123351966111,0.3807518235179906,-1.6433749837476364,0.0
-0.37130995285855156,0.7163571246990037,-1.8334704365795478,0.0
2.921067874893026,0.6862629831326266,0.8346430340959805,0.0
0.4599091232041433,0.25614943574331445,1.1476513775434813,0.0
-1.8673571729897256,-0.7441267829123733,-0.06780297526070829,0.0
0.5786226570097885,-0.09525084707762667,1.710024901017171,0.0
0.665202198336637,-0.6141888808426633,-0.7536534175555127,0.0
-0.05268793506474221,-1.8807169034355127,0.9775583225675366,0.0
-0.21062423723157034,-0.21386542877037884,-0.20889007592063324,0.0
0.5634226524637818,-1.4222268440646388,1.1732469323557193,0.0
-0.568532647379434,1.4488808376094582,-1.6972140807481897,0.0
-2.0083455555200755,-0.5516297530424883,-0.3010393106379819,0.0
0.363906460421824,-1.0496203648796085,-1.486918152390016,0.0
1.1827248975634508,1.3955777175469006,0.16229793469335527,0.0
0.16756160338938414,-2.5144500197398947,0.6860163006820512,0.0
0.8952533973325457,1.1385597191048114,-1.1020464693528307,0.0
0.3771173003680094,-2.84330029183704,0.875738704196899,0.0
-1.3492934261393301,-0.7361498129571702,-1.8811141264074667,0.0
0.5414851649751895,-1.825566776370543,0.34532463770265126,0.0
-0.06132528434637259,0.7887114961575782,-0.3562555654762892,0.0
-0.9870438897273028,0.38867348618251973,0.9210614079873857,0.0
1.5186521773194956,-0.40515887250880434,0.26406239426860495,0.0
0.530142566433882,1.1446832193332825,-0.5796755485562318,0.0
3.1569601736625246,-0.046724606145417936,0.43943278297743765,0.0
-2.182546539328497,-1.177082547339269,1.3724546179485995,0.0
-0.6283194718176944,1.7331353897598514,-0.42085429680848135,0.0
0.2851038772752026,0.8659311878780027,0.33362326311035084,0.0
-0.8805345452147668,1.0127317118390922,0.7566111429513082,0.0
0.706062019972769,0.9884259991752431,-0.16711128539914213,0.0
-0.23751011451863924,-0.14115419444638969,-0.06814691031952456,0.0
1.518167748789026,0.7573140535776205,0.500135002991362,0.0
0.6256257219966473,0.8096964944320066,-0.7571418937886598,0.0
0.23833224600198644,1.31207717404712,0.3392163371902188,0.0
1.1895697167354644,0.6387221649461586,0.6946814854633176,0.0
0.2310021557087734,-1.3066563244315437,0.8786899449113627,0.0
-0.11256895581607752,-0.1689835388198326,-0.0025138423867508758,0.0
1.0267814793073127,-1.5085226187131633,-0.30608555244321517,0.0
0.12180887694349686,0.03983263125533239,-0.6509988424888672,0.0
0.024885750761953485,-0.05875336308934381,-0.9608606691247993,0.0
0.6460876069115048,0.5694574165983219,-0.22434679069255753,0.0
0.042292409736902285,-1.5674949047447826,-0.6355501447192569,0.0
-1.5605397007962647,0.20478747676598744,0.6909785837975579,0.0
0.9360966782440084,-0.619333969625379,1.4611948694999508,0.0
-2.675380230552033,0.3145382236820211,-0.8300767795554688,0.0
0.5170252039865545,0.8881784113665411,0.8077441590810052,0.0
2.1018269420455407,2.5181412496001143,0.6457509564220004,0.0
-1.2002370126341442,-1.475260666059843,1.1361209188589756,0.0
-1.0642027291163552,0.4014718101365649,-1.2158823444310494,0.0
0.806419378092106,0.9714723015420554,0.1090580503575073,0.0
-0.39297355304451953,-0.9913907292598362,3.6853199316097744,0.0
1.0028225939818687,0.06334531071047679,0.046755264966816854,0.0
-0.18939697302882888,-2.6207811965684136,0.9017280011392989,0.0
0.05319452031982608,-1.6108643940476708,0.05812447316127627,0.0
-0.2586689130615954,-0.7911655601358172,-0.8120528665494509,0.0
-0.11372868601667446,0.9525001210996703,-0.8432363460744775,0.0
-0.5818213056417072,-0.34327969754004223,-0.6642484478018488,0.0
0.4038345955315184,-0.31503204202163726,0.2610750520978609,0.0
-0.9481970832024867,0.6733757457013819,0.8689442732554795,0.0
3.076452188199392,9.724220901487403,-6.560497869699535,1.0
0.14480691809582408,0.7200821078481788,-1.6201798279976938,0.0
0.23253568750611464,-0.03126698319764981,1.2781516223681708,0.0
-1.5216619623576637,-0.7062161037656757,1.5923476800164724,0.0
0.31348140742546365,0.5576236477328069,-0.36914805881733576,0.0
0.2772321209167539,1.0726335677441465,0.11217337254085513,0.0
0.22345538395365772,-0.06002148179623285,0.9848201875362702,0.0
-0.9650619359736952,0.2979395352828125,1.517079460123962,0.0
0.6290617992345285,0.38278746879024944,0.4248728945912752,0.0
-0.011301700790428013,0.7271533689112133,-0.5603079158562915,0.0
-0.8707929944108522,-0.15220879386881486,0.7293865674571559,0.0
-0.9045930673676656,0.16548728711707655,0.025294043078721788,0.0
-0.20173900304677483,1.1073564329003829,-1.6902867304628555,0.0
1.7765935883987245,0.47721356424693817,-0.20276397114498068,0.0
-1.0973677991032382,1.2012952295910957,0.020417067655769013,0.0
0.9030712867550291,-0.4440006700226883,0.43268299027306606,0.0
0.5968283215330646,-0.52972133356568,-0.26517954965367946,0.0
-0.5520985083860628,-1.4808437632445557,0.5074270107202138,0.0
-1.686062167757371,-0.045609806727012224,0.3395537098309437,0.0
-1.9649139145189938,-0.7306362701506797,-0.4368021023041566,0.0
0.8129711396597569,-0.538896299743152,-1.7812422832060635,0.0
0.41314577130707864,-1.2868222290420046,-1.026217133402354,0.0
-0.9362586715051391,0.10787416706379561,-0.26124496440967643,0.0
-0.5855146767057295,-1.0448656300230341,-2.534875146611899,0.0
-1.5511217791553118,-0.060747561975618806,-0.5504490981878,0.0
-0.09259328574280536,0.23021843456301086,0.39948839946132964,0.0
-0.19121337663830276,-0.5027742659637287,0.5071925782856931,0.0
0.02488211948063154,-1.25146228132724,-0.5397392487596687,0.0
1.1912670859522918,1.2797553499885626,-1.7009091050464114,0.0
-0.6006725134518494,0.6370239140915063,0.3603192558540182,0.0
1.9526835244180811,0.012278353094138104,-1.2768334514232562,0.0
0.38470820703483105,1.0068269507072058,-0.2549194452050888,0.0
1.2110986214979738,0.6385901114287856,1.5287163665093464,0.0
-0.2471054001376911,-1.1931390207373338,-1.4922412045634093,0.0
0.011709754903578591,0.3304035977142451,1.1676235692973704,0.0
1.0006048532471439,0.6793947795512545,0.805046772667545,0.0
0.2912279570689144,1.0353776499578817,0.8097018732784959,0.0
-0.4369009467840866,1.395123610539181,-0.36710971679551563,0.0
0.2276051123582514,-0.014973782028347347,0.0035991579885112043,0.0
-0.4071816561768672,-0.9117029682825065,-0.5167427842993995,0.0
-1.802597021213464,-1.6421940715393881,-1.3029375512983425,0.0
0.3237455849851091,0.6337767621765066,1.3374955500157577,0.0
-1.1718950586463874,0.6901071727300178,-0.7205732447658982,0.0
0.1989629896366968,-1.2299034557004014,0.5508721581744362,0.0
-0.1977610161871933,-0.8534521827804157,0.12643821249466997,0.0
0.9037783642868632,-0.3855456644962705,-0.14864112806738117,0.0
-0.952492250793106,1.1675196314778267,1.4620328565372327,0.0
-0.8139528834700043,-0.8465073531641132,-0.29209667893483293,0.0
0.22234142323166503,0.008276881631500968,0.6637474327694977,0.0
-0.4028244469161045,2.220086063309189,0.17099419498633311,0.0
-0.8412517865659931,-1.016913951134015,-0.0736137418586755,0.0
0.3444554227590388,0.0221629614372186,0.1706241935153842,0.0
1.7353843783978828,-0.4372894057836642,-0.8461863831338036,0.0
-0.0075237669605664435,-0.3883322872934495,-1.6378032013146047,0.0
0.982638293469866,-1.249524817205708,-0.6528032320738733,0.0
1.03751755159633,-0.25977296710166126,0.17390337518358764,0.0
-0.038823899707958305,0.39170819632391024,-0.10427918516382896,0.0
-1.918795321650155,0.292416032200185,0.07922576200989515,0.0
2.355875110142873,0.3620352630537957,-0.24738256078679036,0.0
-0.15900285129011668,0.4649312502523682,-1.261631474091159,0.0
-0.41082720369901954,0.27849289215629014,0.03003385238348377,0.0
0.28762180600594467,0.3319650367753211,-1.6719200399361744,0.0
0.3913613697608381,-0.003649953456362439,-0.5528044429575807,0.0
1.0633869210719737,1.434830281077032,-0.4834940393538345,0.0
2.538114758813031,1.0653391091921018,0.372502769837818,0.0
0.8309068770258017,-0.39225320119334606,-1.7512526074991555,0.0
0.2688109683320309,-0.5946903576605449,0.8357032880953079,0.0
-0.6032884197879493,-1.6929256779776796,-0.5057145179699553,0.0
0.2892103756592987,-0.637470957995064,-0.6877455131350327,0.0
1.5186179629799257,-0.42978401439088665,-0.6199193994724064,0.0
-3.4155444725801125,1.696121447013525,0.2052473003048812,0.0
0.08739193504069465,-0.09010137376879976,0.4539229394697615,0.0
0.4852555791388669,0.5572009552391265,1.660404036331676,0.0
0.9975363662168096,0.16533521925815547,-0.6949930352114222,0.0
0.3852659944857241,0.28297905019561936,-0.5740768975520832,0.0
-1.1538655450098918,1.7121101576921274,-1.8747909813790147,0.0
-0.18093362316320794,0.7912378521099148,0.12826238852058286,0.0
-0.46637804759319756,-0.04071418223360572,0.36417673497490277,0.0
-0.8579747205859949,-0.9245077038177778,-0.07475102294887519,0.0
-8.440270770130258,2.816095455015841,4.12717641759259,1.0
0.827474726202777,0.2738214023683795,0.34757865576304847,0.0
-0.47970843922729495,1.0305932884826152,-1.6857146358133783,0.0
-1.5282024827691254,-2.015867859937711,-0.3143744697457516,0.0
-0.4100198781944377,-0.3303373051784008,0.23936161540873685,0.0
-0.05560544525672535,-1.4373693391515279,-0.18768328350762792,0.0
0.3719798569967299,1.430726279253853,-1.006919337987634,0.0
-1.5860937819955336,-1.0283997877293787,-1.4157671801328446,0.0
1.6774719903668232,-1.326357403650697,-0.2770423855570648,0.0
0.5658305979005168,-1.1636012482496745,0.21487308247743178,0.0
-0.7830680405133998,1.3190326875547458,-1.3165292763475105,0.0
0.17139701991738543,-0.6629320662918913,2.145056427507232,0.0
0.31492649300812997,0.6477852611050275,-0.2570118913491692,0.0
1.3932604931912123,0.5328440162191196,1.660637540567844,0.0
1.9497701377206655,0.6872007308522388,0.31478442115041133,0.0
0.017175689280280782,0.20724578800220822,0.8155675239163025,0.0
0.9827443737899832,0.4023773385177117,-0.08920023866378864,0.0
-1.3063056449994228,0.20403639066028675,1.0824843018016799,0.0
-1.7158794100256125,1.9300044402162284,-1.3649934700895137,0.0
-0.7166181260673921,-0.6713342410638514,0.19521775271097155,0.0
1.4479606034252752,-1.343397718264687,0.5470371125057895,0.0
-0.9791452897952932,-0.34864925500486976,0.14451863750209734,0.0
1.4243400851357082,-1.0447086624932271,0.30214361025628983,0.0
0.6780112332129817,-0.7965879302292592,-1.3283441869989439,0.0
0.15257414053412338,1.7199776328854104,1.2116559140198448,0.0
-0.5766682583460877,-0.6478269004829649,1.077425207767216,0.0
-0.7253446924051756,-0.28467451740126815,0.34587476599451644,0.0
-0.5189077473082515,0.9298479495902193,-1.0570509817312177,0.0
0.5901040058863433,0.5682567980422638,0.029585244151192493,0.0
-1.6231800984096783,0.6182088062717842,1.1446196333623015,0.0
-0.8926704855815221,1.6804245142840606,-0.8652650579242891,0.0
1.047901090609552,-0.015725925044061683,0.6634972586989567,0.0
0.8660960459703726,1.4782835731810606,1.0354097206930344,0.0
-0.5438191820989586,-0.012388291982095628,1.2584534739644717,0.0
-0.8152453314084923,-1.216341858750444,1.945329171255369,0.0
0.3408361139092286,1.0534091361749318,0.7587377138009794,0.0
-0.018221075800450934,-0.9122134023176256,0.26354091652887573,0.0
-0.3017547271730617,-0.41286994082654255,-0.5278530302632243,0.0
0.20761098418247523,0.15602580563587798,-1.0521645705863623,0.0
0.7109445168587789,-0.8474315886425519,1.0213689010107883,0.0
-2.093693469833634,0.35446599492930714,-0.4326962250143535,0.0
0.07735597081156702,-0.01913930004697848,1.0685493190541508,0.0
0.344422480257194,-0.16081835164193273,-0.5316556175999927,0.0
0.7388424545328427,-0.7226053236757057,-0.0726952638891593,0.0
1.8864638857281502,0.37181267518400113,0.19189928008696372,0.0
0.76118734037776,0.10544156708793218,1.3723598232264735,0.0
0.39207096179199047,-0.10133403140187756,0.9415317086596066,0.0
-0.7219105743420166,1.3995863985909665,-1.6085593656504482,0.0
0.5437865363451209,-1.304986072754375,-1.7286311070530915,0.0
0.6318350145298881,-0.680360826399802,0.20621350423624094,0.0
-0.44206726554303866,-0.29283893014924556,-0.8480648192012479,0.0
0.5258237175645026,1.1917579921368195,0.1581524610154569,0.0
0.5317651174777248,-1.41871004800468,-0.1731114048586073,0.0
-2.567469929300699,0.41038364243853703,0.06549365041755872,0.0
0.4220688872483721,-0.11526458410015424,0.04253500701293994,0.0
0.09281019499341185,-1.4854280570102416,0.3934497915743289,0.0
0.24936828763346716,0.6408901218603242,0.6469996488500135,0.0
0.6902486914869385,-0.180606230946697,-0.12132468381775208,0.0
9.951237657633232,-1.2862770571790971,6.705762444204481,1.0
0.17224776808575584,-0.2675314152926836,2.2490767915959453,0.0
-1.0111340115003025,-0.04821792700186009,-0.5738697728512288,0.0
-1.079098010150557,1.9715788358580155,0.43803640499189295,0.0
0.7628293740339186,0.6769125713845592,-0.5292275367404509,0.0
0.8806548218965606,1.1802974351027535,-1.0604578451610862,0.0
1.4121299950041701,-0.012285196532865176,0.5979064103073874,0.0
-0.9630918637580351,-0.5248177786173194,-0.36728619136114266,0.0
0.09587194213383718,-0.04798346946411838,1.3570217778631575,0.0
1.7651268352075598,0.14318619827626589,1.9663640207916666,0.0
0.6984531521330867,0.1389736721522635,-1.6386272761930416,0.0
-1.0925333255708995,0.8960049124067895,0.0564723224776216,0.0
0.4483633193692366,-0.5238172354278946,0.3940979990462033,0.0
1.4624567995334339,-0.40188936269927933,-1.9971792885626596,0.0
-0.38089356647512246,1.2668164991153343,0.37895037802595344,0.0
0.6408179575803344,1.0630570262525243,0.7214077835659632,0.0
-1.129606513314332,-0.30855886383250153,-0.49849386464775225,0.0
-0.8564171359285936,-1.8740032098250354,1.6994582247343886,0.0
-0.3679375230590083,-0.11335802714275332,-0.8090657823716647,0.0
0.46086742473831777,2.127234115576448,1.5577614941377669,0.0
0.47347151487401246,-0.744247374991779,-0.2986718794900706,0.0
0.39099670160248307,1.6634012192601573,0.2654357029800469,0.0
0.3579981459154951,1.8153199980374355,0.5786710747094473,0.0
0.6907651177021495,0.04439130268675117,1.0215630253682522,0.0
0.19498722011008338,0.153309379676917,0.5044231592545342,0.0
0.42857540355427554,-0.4615798080331735,1.6358219126188436,0.0
1.9135128776679613,-0.20042971826995604,1.229686104856538,0.0
-1.006450990912498,2.1801326685841005,0.08035083646225716,0.0
0.10099924133835962,0.12628549110948545,-1.027991896441681,0.0
-0.2792071602479498,0.5232199598965659,-0.7836459428803264,0.0
-1.4308730228590871,-0.9365477163197146,0.3939383568003809,0.0
0.9888245720772162,-0.4603530061032766,0.47519005495267025,0.0
-1.141979316039335,0.09208548500977684,0.4139370039497555,0.0
0.11753516530232364,-1.6998473615578955,0.7119666116085017,0.0
-1.939543962256791,-0.09070462417326101,-1.4372591192025619,0.0
-1.9822174678529074,-0.6285159416149665,-0.24392456721975903,0.0
-0.18918382080974314,0.738795122194191,-1.6403172076274175,0.0
0.4773384983521008,0.33024920233026606,-0.7147078740867531,0.0
-0.7988973160088747,-0.1011322437131292,2.4559031117686905,0.0
1.1100333101622353,-0.7571494341542212,-1.376811172406851,0.0
-0.0730881871124391,0.38565616202271086,1.7544974323838416,0.0
-0.2745993662971711,-1.3971712849707165,-1.5619092997078317,0.0
1.0633399973103967,-0.08986803212173028,1.386924547100543,0.0
-0.4352862689192956,1.6522964152514645,-1.7328509320765701,0.0
0.6749345089800741,0.46759144096155786,-0.7571340259771964,0.0
-0.9652629165477954,0.2679660593151902,-0.5162485884767729,0.0
-0.33295883440277,1.6035118432431783,-0.3100538938589329,0.0
-1.023663422586578,-0.16343259728118617,0.4647908930711697,0.0
-0.50249650761845,-0.6190703461689665,0.13229828183852754,0.0
0.28923103651043125,-0.4888837648665474,-2.177476456304843,0.0
-2.924741219934428,8.91814571324193,8.410803875209513,1.0
1.737223140097037,0.13601806300191455,-2.890993501802403,0.0
1.5518470085358398,0.24852256629468322,0.10914047170618493,0.0
1.339125716769322,0.2797322359085109,1.096952627646796,0.0
-0.08127933616301378,1.9034699620970377,0.3654417349777714,0.0
-1.881925244195874,-0.7419625475875514,1.1991203926227663,0.0
0.18522353066640168,-0.593164659988654,1.6209789220981083,0.0
-0.8906635464010335,1.3007785344749714,1.568782509784254,0.0
0.8269855725255231,1.0550914022619093,0.8943554570777875,0.0
-0.9562120394733359,-0.8087408597845347,-0.36295498097447026,0.0
-1.0791923099459555,0.1745068704887625,-0.854525944066213,0.0
-0.0803401168581319,1.2341837186261841,0.10982222364236247,0.0
1.9572845400255356,0.19555157182395658,1.0221838780659158,0.0
-0.6226594191629963,0.3524281803325505,-1.4018018277658175,0.0
-0.1436673328641625,0.8519015795892929,-0.14331284318044143,0.0
-0.867205538938236,-1.230565064769545,-0.07270533989551484,0.0
-1.0262664734470206,-0.3174611358765008,0.8177950348893211,0.0
1.0480684711336892,2.881962696745647,2.3766997489399033,0.0
0.05783172351532211,-0.00550692458032622,0.6501301096985121,0.0
-2.0438177602297327,0.21095365169094396,-0.3806604351662192,0.0
-0.2854855379219764,0.9930308143869007,-1.3137509188371617,0.0
-0.018230635159293188,-1.7650883565350182,-1.6369675282225629,0.0
-0.15904136228124546,-0.1146726804657557,0.5544068390252971,0.0
-1.293170573132462,1.1548786506965754,1.4358745231796213,0.0
0.22373189534116436,-0.12853479623630018,-1.42662207564542,0.0
0.7168585297781654,-0.038943917561602766,-0.6176095459544223,0.0
-0.09436173503904469,-1.2326785751841687,2.5204335237300604,0.0
1.1077754056252793,-1.165135865740053,-1.600757110319794,0.0
0.467444083462873,0.8749356548744579,-0.531568099829149,0.0
-0.48820918857612977,-0.694405203523186,1.2596943794426103,0.0
-0.2084186249328172,0.16067141270164298,-0.7033605256162605,0.0
-0.5020468079033584,1.0970245551504454,-0.6646296570270998,0.0
0.951775407096702,1.6609844332038306,-0.7861881196197721,0.0
-0.41091473345424057,0.937148586301648,-0.8959160145778694,0.0
1.5482986821073368,-0.4222534773274629,1.3777434094777483,0.0
0.4174538839356582,-0.488148643802607,0.544241817092542,0.0
0.4204634096193725,-0.22708525717086184,-0.3578301512110171,0.0
-0.6053327074381227,0.02114175788181092,0.24608264189481094,0.0
-0.8544569045567618,1.4109890516545156,-0.21974694028867017,0.0
0.30932773986376544,1.1490861949046915,0.8770921070113369,0.0
-1.8177865196832868,0.8555241185459586,-0.5161270063519778,0.0
-1.0290405260034805,-0.5522263499878549,-1.0148458345705231,0.0
-1.8861108647626008,0.85387964850118,1.638636112104622,0.0
0.6700394898512556,0.5506296644224143,1.1568583210968657,0.0
0.9195401892368168,-2.9870141055402994,-0.919691813726983,0.0
-1.2528322603482462,-0.14944299758265442,0.4415670085782533,0.0
1.1870342662655482,1.6979924581553287,-0.8050826952579018,0.0
1.8427580381698607,0.05424890599339603,0.7799904741818328,0.0
1.6026043852727596,-0.006056989394969474,-0.7423028077695579,0.0
-1.0497613452981949,2.19792178621038,-0.450083548392124,0.0
0.34579161148027904,0.2853734209181147,0.10330110514911449,0.0
-0.4343372877791712,-0.9807626197294207,0.8042153265519127,0.0
0.37552685569327826,-0.045688370957336695,-0.09300813934871764,0.0
-0.005728777026284622,0.24792888210728437,-0.3079700928331295,0.0
1.32072668261326,1.1834618044608318,-0.6902163936790415,0.0
-0.07595037667621525,-0.006566543475934365,0.5384082764224494,0.0
0.23810554472377715,-0.3184776348320425,0.3030039135305426,0.0
2.068718044499762,-1.3309720594196215,0.43999823459534115,0.0
-0.7903888958165145,0.4405798706237835,-1.4002895825921144,0.0
-0.5730961762356874,1.0046928016516616,0.9275160007809794,0.0
0.20430222494798037,1.115806563877209,1.0379375536544757,0.0
-0.6905060667710955,-0.26156187281429216,0.0703216065108074,0.0
1.001217607006143,-1.2107040680223502,0.26084974105735276,0.0
-1.7563471213474937,0.9979022647854214,1.008377557452045,0.0
0.16891148124533908,-0.22082542106248465,-0.10184300010973427,0.0
-0.20582576005249634,-0.5272553601899115,-0.8814441390035851,0.0
1.7029432440050876,0.2979867728597873,-2.5275077010933593,0.0
1.0870396840018772,-1.2390189395326563,1.5410624055673465,0.0
1.844472234475324,-0.5691289322477322,-1.7867800980895334,0.0
0.6800109857087986,1.163341491489892,-0.2898924148982518,0.0
0.1389077166375482,-0.5924794258627967,-0.4391149759533509,0.0
0.7810233860670623,2.092095347333082,-0.3555269690997188,0.0
-0.21928239908441927,0.5172350606282117,0.9129448714978603,0.0
-1.419209604473604,0.6040691411482056,1.9761049524171215,0.0
0.11977446650752953,0.5295883214411236,1.1670949302858082,0.0
-0.35565486748518527,-0.2847822931830173,-0.27873331765155795,0.0
0.5428506900602368,-0.6504025588317951,-0.9958919591222525,0.0
-0.7418234743220647,0.10196698677914615,1.5914884324728382,0.0
0.5189236440773292,-1.7977867578751825,0.5054013962730446,0.0
-0.6663856286194356,-3.0723649779746687,0.5602816362016674,0.0
-1.0091715945295987,0.9322398863521895,-0.8812217837112192,0.0
-0.16374069725971124,-0.14573174129521757,-1.032781136435881,0.0
0.29392420289082427,0.555092307862359,1.0333980994690257,0.0
0.04723466080404976,-0.5871152940149668,-0.15932206072321353,0.0
-0.0012115424489439926,0.7665322601503824,1.9138622236492246,0.0
0.35487194073794703,-2.059977724204916,-0.037651399631622076,0.0
-1.0866394096595622,1.1286331317255203,0.47365528288392317,0.0
-0.4746181345394522,-0.03450444460608307,1.8831857065630544,0.0
0.3432952828712744,0.6751175393853635,1.1447750258864526,0.0
-0.6055826133687575,-0.6587537709321833,-2.1608467320629243,0.0
-0.10237993276075474,1.2873479696042407,-0.9872163782465833,0.0
-0.48260641971944346,-0.19987428202675633,0.3212171963543436,0.0
1.1623964788828065,-0.019704089671778356,-0.09390893583986475,0.0
-0.5727814283608756,-0.8080522268903504,-0.2404862711397624,0.0
1.0024940813487626,0.9874118414445824,-1.0747067103161625,0.0
1.3888260113003417,0.6774786064869145,1.1263507808416868,0.0
0.4322971259462987,0.7074128205950356,-0.6826208197533856,0.0
-1.1440831447625375,2.143125715794289,-2.4316210843383335,0.0
-0.04824139872678004,0.009652552648590587,2.2067525551886518,0.0
-0.4633537821415652,0.9701089934063383,0.23444507754275395,0.0
-0.8070960808503029,0.2194268956554366,-0.15676113684864998,0.0
-1.6562853625552436,0.598968324106409,-1.482588404207444,0.0
0.42681947933731124,-0.33758593169379536,-1.9102520603362978,0.0
-0.31634275434348214,-0.17100944027243606,1.277061816879047,0.0
-0.3671702034231163,-0.39577082027626365,-1.6085105615386683,0.0
-1.708210863099404,-0.2671971106941278,-0.823718507650977,0.0
-0.5240866279019979,0.525616204517509,0.8073236234093464,0.0
0.025675581161195647,-2.16252600153508,1.5679715726134102,0.0
0.475690381102649,0.7363051409581701,0.5057922644835966,0.0
1.5079920007440908,-0.43151241187325073,-2.7680706596207196,0.0
1.8294451175597746,0.301141363409508,0.9985196810136125,0.0
0.5036541453277724,0.5753886767768379,0.9882738948639455,0.0
-1.8665761261869593,0.4753480125365694,-0.2673852356585756,0.0
-0.4068698670085069,-2.209638789502875,-0.4181366408106421,0.0
2.061960873988927,-0.39450682192952014,-0.2052497538736455,0.0
-0.976498368753379,0.9994815594812198,-1.7817898595746828,0.0
0.8378313735135536,-0.7791594699139343,-1.5893812363832989,0.0
-1.410116363735111,-0.24749669441881675,-0.5457172094037283,0.0
-2.415954422860614,-0.46808264311902736,-1.6299838997149383,0.0
0.1393736107632248,0.5317212144155032,-0.03649395726935765,0.0
-1.0002876103114728,-0.9883751841304564,-0.8556308699850474,0.0
-1.8001176394514977,1.1360020427745137,0.4768280683554312,0.0
-0.5787272759239829,-0.39977813918710764,-0.462643325793101,0.0
-0.9042451667883465,1.495205197848894,0.5118302802077923,0.0
0.3083944857797239,0.5818449854118152,0.7438522725128601,0.0
-0.014358906598379115,-0.4480065984687414,1.020714135410634,0.0
-0.6447046126057875,-0.17950826262875338,-1.623352218247181,0.0
-0.8546380648178565,0.4471671561534582,-1.0807541155377867,0.0
-0.6802037522388059,-1.5389381546838923,0.2701239096580595,0.0
0.45020245760329053,-1.268629774274663,0.7234396764533373,0.0
1.9583529287243453,2.5929192588377634,-1.4061908127848999,0.0
-1.5385522004227665,-0.23916223849830878,-0.4194814276827112,0.0
0.635235185344789,0.42804307798964863,1.145529849304903,0.0
0.8157538656566582,-1.5544813942333329,0.042531090120190115,0.0
0.9681553667494904,-0.836461048758515,0.40938549936571567,0.0
0.8237800904374175,-0.8565617386075216,1.1133720513793806,0.0
-1.0186812449209572,0.3974056242662088,1.1961097214457306,0.0
-0.012188097138201215,-0.27211902370333246,0.2897661544416274,0.0
-0.9152636683984395,-0.6248505712600056,-0.9223022279739941,0.0
0.8415015201510424,-0.09541772631538654,-0.29588805497427634,0.0
-0.722083480381105,0.32948284858399873,-0.3627593005403824,0.0
0.5502156193192609,-0.5531061776016258,-0.6890661272519872,0.0
0.07166259169700709,-0.3295877344199677,-1.7814419524835914,0.0
1.4017598948533916,-0.3698507479053675,0.11101135384872085,0.0
