Feature1,Feature2,Target
1.8634113686607574,0.08764555156962572,3
-1.530997171022319,1.9011824126143653,2
-0.017224044544175365,-2.591111592515568,0
-2.0320385262642717,-1.8011621832132958,0
4.620554804681561,0.9011235462980076,3
1.9450689385920024,-2.2098762051222605,1
3.671119463358101,-0.6029810903203259,1
-0.5371307594979908,-2.049770320111318,0
-2.9412534244900708,-0.7732690241727251,0
-1.4464716289048214,-1.2252898540144934,0
-1.5659356832305602,-2.514226833936528,0
-1.4600165852339007,1.7738745947529575,2
-2.690238751628192,2.532346265913541,2
-1.3912748490434064,1.0335130849174656,2
3.2093598735988342,2.264308579333581,3
-1.2747298260381688,1.2368927114049,2
-1.5165008525981793,-1.515285519796261,0
-2.619078296585732,3.8185918283395646,2
-4.071640580200869,-0.6984646755849087,0
-1.8663998483885007,1.8098566765651216,2
2.028153497637269,0.19229125245858092,3
-2.4056213400472553,2.2792912858186707,2
0.6625840408787804,1.4069499995321673,3
2.127119722875444,2.2150384555449927,3
3.214182898240987,-0.5365672097858436,1
1.7964934477851475,-2.60363551027727,1
2.395492893114195,-1.204279724731932,1
-1.3640029329894046,1.5679990182237733,2
-1.006789761505464,-2.186041180034509,0
-2.9364095955415923,1.8343763687746923,2
-1.2736236376597618,-3.962798578559489,0
-2.0545978278177026,2.7366068712975347,2
-1.7935835478501538,1.4886756787722601,2
1.7809221562527278,-1.919516928066472,1
1.926142113893287,-2.058817096873727,1
-1.370924223967137,-0.3976359822926727,0
-2.3543754273682427,0.9864988858380774,2
1.521675759980251,-2.206293691447994,1
1.2048404704883686,-2.1971775707316032,1
1.7943065362368311,-2.528470733698069,1
2.500653655557212,-1.4687254795052982,1
-2.377594401233904,-2.58956002544794,0
-1.3022700729941015,2.4604535374302436,2
3.2105115745766444,3.7448467963995027,3
-1.3150888291026956,1.7593715067027735,2
-0.6600531794458258,-2.45154651579954,0
-0.8249748307838047,-0.9399434425096695,0
1.5736653760182993,-2.2559031406795156,1
2.6153718862753665,-0.8613970594959479,1
2.5675935210289142,-1.8337123072924075,1
0.050559284434201324,0.08468940889406285,3
1.7283209904987489,-2.9579686749679825,1
-2.7950830865819922,-2.0888152673653075,0
2.9432972601480394,-0.6677389087633481,1
1.7670089988136974,-2.0514199585241024,1
2.1602389877345516,1.6380991406620313,3
1.7727252341393598,-2.627203305719523,1
-0.9714727174070239,1.2572401957358292,2
-2.1040474132642517,-4.761543918746831,0
-1.7641581953951235,-1.0642816071489234,0
-3.121720934855575,-1.1071884870895095,0
2.4211644928599214,1.1896216113441092,3
2.5020949290122187,1.4031610006808797,3
-2.701657162653018,2.3382080015781326,2
1.473954474077685,-2.9445599991141997,1
-0.39260469248546714,1.681100593312151,3
0.30034378624489033,0.022033335582161584,2
1.8693202402472682,-2.2963701755580432,1
2.7984509085915064,-0.9917530101493972,1
-2.4992617379482303,2.272491651758068,2
1.165226418876911,0.9013365747074071,3
1.8163349149333998,2.9788889623097408,3
-1.5844012903988658,-1.5458132136973435,0
-5.033670388380984,-1.1105795629933142,0
-2.485600699505464,2.4981299772586634,2
1.605007913545305,-0.48659624725767014,1
2.743204287501661,-1.5154118562800296,1
3.593698487812146,1.9554898552808622,3
2.7990038374054116,1.543203681754772,3
1.4395956756314567,-2.74292934039435,1
2.518757737580282,3.0700478086230008,3
0.8059825237938953,2.447575852494215,3
-3.1516335191915714,2.4847312662741663,2
-1.4579833837978744,-2.0938858695390667,0
1.419385104685829,-2.2081326658894747,1
1.8184681871091264,-2.8847394497051457,1
2.6406131831725994,-1.0882963323821007,1
1.4142737693117646,-2.81892997323725,1
-0.5817266987830747,0.6762749217291624,3
-0.09269487813448629,-1.8776521071804502,0
1.4206650135920875,-3.20751354133177,1
2.591506645913479,3.5225492235240434,3
2.9564210809506526,-0.5088319301853605,1
1.5990482132414652,-0.6448336226262281,3
-1.6692421601633272,0.9082742539864102,2
1.7005967972143265,-2.954165394395394,1
-1.9493160996379804,-1.0355500649622462,0
-2.1069321288786513,-2.40086706517799,0
-2.79607761155882,-0.6279913261086745,0
-0.7002521301273845,1.0666110875900041,2
2.6226999407921996,-1.7015769494051451,1
1.9853436625408603,1.2499867694224602,3
4.205429798953319,3.4592330820920574,3
2.3063492411491984,-1.9217224488297524,1
1.1722720283685806,2.1150477666514407,3
3.0234596719816915,0.8555899566732135,3
-1.5347299798192349,-3.0086983499701496,0
1.9909012436034064,-2.368735484615364,1
-1.0227376295948487,0.601275447072706,2
2.5805272931318877,-1.9058530712139654,1
-1.3243706952431218,1.9290094113583651,2
-1.6215136360876534,-1.36404278818407,0
3.4377579717809277,3.8782196989543882,3
1.8671571534420688,2.2318629615415007,3
0.8942241160538602,1.3923756974812607,3
2.327659281184791,-1.1773643433665795,1
4.108461837712631,2.247131379720084,3
3.8041898253487987,1.2388288499659819,3
0.12425988852004832,0.2895638034466901,3
2.9099058028873497,-1.0273903199837178,1
2.627882287788715,1.4878717741683258,3
-2.744327298284156,-0.3787977333081718,0
2.331746191474972,0.7078390762382174,3
-2.384142495130651,-2.3830627846737222,0
1.8429505463476124,-2.2240329296920556,1
-1.4591052921464134,1.5023178713068317,2
-1.302289998709933,1.5718892792794659,2
2.209795562974787,-1.644392631058595,1
-1.9492557674512276,1.8701250827880371,2
-1.4981690410270025,1.3223749502886994,2
-3.343573114930008,-2.5405385287648268,0
-2.4734532517404624,1.6364837864206887,2
1.7017647156955817,1.1616301088500474,3
1.8048732112189925,-2.6105753776617995,1
-0.9422671484677063,-0.7691046385478777,0
1.2881713456790176,0.6658939910871555,3
-0.5690926640764713,1.0867558798275487,2
1.935627794583389,-1.8276914534075874,1
2.034823289834011,-1.6185576698674211,1
1.9976292546301113,-2.5767823869804647,3
2.2800075016550667,1.6786711434679347,3
-2.0445320800515723,-2.0967046029014167,0
-1.0708112642298295,-2.959777532387052,0
-2.946119777992037,2.31089868401154,2
1.2126849986709787,-3.0733374176971964,1
2.3263362918207324,1.5765672447072494,3
-2.1921764477941443,-2.185145318454633,0
-2.11665624771013,-1.4245951200382005,0
-1.5877180442189016,1.704713125677729,2
2.90228984613924,0.7732947433690922,3
-2.1676978753352034,1.9419117988932915,2
-1.0664912637861483,1.7449530551637222,2
1.9050061625812094,-1.035182896103617,3
2.1392754766990296,4.511932706275411,3
2.418273351803507,-1.8812682481690157,1
2.089676933626505,-2.66019742919718,1
-2.5328515637686384,2.406069279880316,2
0.6986036574324885,-3.6466514658047022,1
-2.4626452594801687,2.2078381182444864,2
-1.5645247089623946,-1.6576112097895328,0
1.8100493096112988,-1.2992867583929963,1
-4.196480067996822,4.430695363590262,2
1.3743851059947503,-2.669480677233179,1
2.4970260971421494,3.201026453876551,3
1.8315778571799743,-0.930684767900892,1
1.0712996704139925,-2.7112803075950147,1
0.7430098832230112,-0.4464046590451076,3
-0.8522903379903222,1.2500684764672096,2
-1.4474900022776396,2.421476765770063,2
-2.4602586484274687,-0.9695837600800934,0
-1.3903849111235926,-2.2208399021193186,0
-1.4576121302498053,1.5090808852370348,2
-2.3508206151275566,2.8039599639716566,2
0.8259946909320133,2.064732026858675,3
-2.9761567770720685,2.3958644193514966,2
1.8922447108719387,-2.3949467254736083,1
3.836757711065077,2.39685661211596,3
-1.6477434054838525,-2.2854942344161993,0
2.924682576972712,-2.1862283492141135,1
-1.2942407370128421,-1.5525117449710035,0
1.6681776401305135,-2.689150304659873,1
-3.2717924516918035,-2.062970605378415,0
1.2785260178897042,-2.6071470204248213,1
-1.7787186892776765,-0.9846699600946796,0
0.4203482667990426,-2.3621670477707983,0
1.2392100731902094,3.543851894062251,3
2.0114564824636103,-0.09379469548909425,3
1.4312479930619821,2.265741251172354,3
1.746520258031015,-2.0491296396661767,1
1.9354659502069889,-2.072715062256609,1
1.408049950090082,-2.000867840502775,1
1.759648005319077,-2.51078666175511,1
1.2167908516845203,-3.302096074500219,1
3.146962549870886,-1.627831886884708,1
1.6951353139158218,-1.8780326715108402,1
1.4809975132963689,-2.6577951696894924,1
2.1883301591581934,-2.2613136993654224,1
2.648842902791702,-1.8853757441948822,1
-3.3468719558738584,3.249046252653595,2
0.6236525225774228,1.4853314903783361,3
-3.3913540791463053,2.4827259964829516,2
-0.5020827543154271,-1.51670324798765,0
-3.130343011552917,2.375733965367079,2
-1.138117093406465,-1.4478033227676605,0
-2.4763114438150553,-1.5244068816174998,0
-0.9496268387846614,1.261232372121253,2
3.2731457123726284,3.2557131222600795,3
-2.3344458147626477,-0.10320617628882345,0
-3.3195059754064005,0.6342779692746041,0
-2.496534907389511,2.3885556840521067,2
-1.428696218287961,-2.7996122902260137,0
2.6494429564153283,-1.3833437390935255,1
-3.1423126849496326,3.260471706840034,2
-0.0973075370048937,-1.3765349686674733,0
-0.48813422117581595,-0.04282350294520931,2
-1.3150629715382518,1.1409318344193629,2
2.641330296948736,0.4262578950758027,3
1.7419720250112753,-1.8078795975559627,1
2.312737946233487,-1.6600169886069487,1
-2.419436021026946,-1.8595592168537942,0
2.5392393805817504,-1.7728839685889444,1
-1.2653843092303578,1.2473977016105375,2
-1.8198851135264795,1.9187542592783609,2
-1.665565930602774,-0.9597889464295506,0
0.5728191905343374,0.5991126260220703,3
-3.975429631322954,3.046214989118228,0
1.8415023767003988,-2.2516834532228174,1
-1.26580467215801,-0.737681933624118,0
1.2266438419681065,-2.561818515445103,1
-2.3763438585804004,1.7547875322118818,2
1.7901772711760595,4.423448264978709,3
-3.4433100779889707,2.881460857386732,2
-1.1929153745330257,-2.8137825915748307,0
-3.2394080022748786,3.458886151643761,2
2.23664104467338,-1.66397229858764,1
0.18510134125853916,1.3613102643118,3
-1.8418796463614373,1.1864250505727236,2
-3.049570446200604,-1.7826224038563176,0
3.6224341332702306,3.1824618796969544,3
-1.0421915490959304,-0.6579737518511746,0
-3.7300863546605956,2.5857544560727597,2
3.3516402524377424,3.7196629006863726,3
2.7270466825625403,1.9234196604787974,3
1.1612647249259944,-2.5879871908728878,1
2.6055832934760477,0.9301727400458417,3
-1.992312760432307,-1.7337960441119022,0
-0.48600518405041404,4.829774549600309,3
0.8626530311698231,1.2231511126197114,3
-2.6995161673361014,-2.4741470856550722,0
-2.5261725450379693,2.344865390965602,2
0.0038563768643000707,-1.6306288222519314,0
-2.5353221268826522,-1.3389167593282898,0
1.4497249849254836,3.1361179786972837,3
-1.9837089763829179,1.2904524628811394,2
-0.5646792840244794,1.0931761015800985,2
-2.4180876083862994,2.324133860930674,2
1.5190977297366628,-2.9688632129822565,1
-2.375941216777983,-1.7060432178594394,0
0.6220400160237549,3.7552716216034128,3
3.1226285760616284,2.9503360345424507,3
-2.801184185499762,-1.1504277509254939,0
-1.8694051892004642,-0.6293130559438578,0
1.9500468590352193,1.3450055652581758,3
-0.8274406929479701,-2.9130682635064957,0
-0.3156550808795804,-2.3686945851261045,0
-4.596084431803866,-1.0322171891163303,0
2.5916207156649507,-1.2285358705559308,1
-3.5814545231246617,2.966087671615964,2
1.6795120243638137,2.079100291824171,3
-1.2136769804212673,1.6082324690059286,2
-1.0567896795571525,1.8399878933693115,2
1.3808572716603864,1.8020885746060284,3
2.026533774853833,-1.7018874640024306,1
1.070593796084073,-3.164779133838862,1
-1.8354302121222457,1.9984340966913259,2
1.9144401804636182,2.2513901895162354,3
-2.632494836827984,3.5523690808365096,2
1.5784543323387792,-2.2022849848786814,1
1.5620482176614217,-2.023083282825968,1
3.022201001606632,-1.8013608207252516,1
0.26952083634971635,3.618535765745428,3
-3.8881488311995005,3.5518525960321226,2
-0.8941882840885567,0.9612369403124312,2
-3.164255203569321,-2.569992335484094,0
-2.081347801378289,-2.716008392844344,0
3.4948345034121537,2.4304892361213764,3
-4.288953285675446,-1.1584510414467122,0
-4.663266115103741,-2.7421268156012633,0
2.0913944648459752,-1.9939917589558513,1
-1.4812728628674459,-0.5230649977463524,0
-2.6623265004897663,2.0683846027418107,2
2.114578802736884,-2.3052634560644996,1
1.3611305055762528,-2.6674534562746914,1
1.7945910523162507,0.8258040007729053,3
1.6510082995990427,-2.8400228100865865,1
-2.284444894574004,-2.5446392775812416,0
-1.6657325635426494,2.114383138791928,2
-2.380341813990522,1.6967288137388143,2
0.08773264515041523,0.9002953707237018,2
1.3048435574274029,2.539314171484575,3
-0.6007402126691292,-2.238287230649138,0
-2.7667529847723538,2.559546753713465,2
-1.2810379558889984,-2.847299019567452,0
0.7034789311735101,1.4616063110632176,3
-1.8402871295712586,1.0637621086299016,2
2.9888247944694477,-0.9696273188655591,1
-2.4927923597950246,-1.9157510083579958,0
1.620839262649917,0.28535467705755213,3
-1.3955303945417077,1.314709613273829,2
1.3853810092706977,-1.92530552359564,1
-2.630581858840629,-2.3342342078087155,0
1.9900876914474839,-2.900430954551408,1
1.7946464957037964,2.6416363024295153,3
-2.876639375989114,-2.121920071293377,0
-2.8699496700664584,-0.2059756221718465,0
0.7087940173816984,-3.0251688226609303,1
-2.412357538776854,-1.9320726999635056,0
-2.4895159730745515,-2.798048047633994,0
-2.6723694812336505,2.0075995576881533,2
-2.2245113007708612,1.843362814186921,2
1.9190192927546539,-2.4925267037556056,1
-1.6101341039354518,2.3928832332009304,2
-3.1528586884706247,2.806034234446529,2
0.43585713703775775,1.4803573777393977,3
-1.8630811016014568,-1.9153332232648521,0
-2.4467563370686203,2.408078686748065,2
3.156711261758982,3.594826878128237,3
0.49486282837824924,2.0173275813362235,3
2.33075558313586,-1.357810264588843,1
-2.4845560982202044,2.1286681141704524,2
2.863333485443243,-0.7936340607971484,1
-2.6015650164352633,1.4370041451264792,2
2.7689087593028003,-0.4608434625889024,1
-3.4954372193143337,2.1808533869232916,2
1.7714682723181765,-1.9744274033652043,1
-1.4370773433052935,-2.2036788941756593,0
-3.2864268413299538,-1.8266113088906912,0
2.0096602058518873,-1.7884665726594025,1
3.3691367909453187,2.667283943827755,3
-2.83910136768607,-1.5494866401098408,0
1.6341227774771179,-2.4430684490335386,1
1.9625684006318778,-1.7187896583629874,1
-2.150714471042142,1.573359212449454,2
1.3908172976603719,0.30720785264484185,3
-0.26402809583205666,0.6955341069260381,2
-2.912431472973247,-1.7726037165886568,0
-3.043648339416674,2.727333940983561,2
1.851955431128474,0.9959462959028957,3
-2.9098945079935845,-1.5210163364518456,0
-1.7607248030098601,2.474360411317103,2
-2.6140791423486114,-1.4587587183372333,0
1.6711723309376725,-2.3251931987975687,1
-0.2198979058029087,1.9499475770451618,3
2.0249045603916596,-1.8451113986798668,1
2.6039613025695205,-1.9876800753377466,1
1.4868475215289165,-2.601040421328469,1
1.6852399679642203,2.6857442453210636,3
1.3245921035466974,2.4285433282055653,3
-2.7452198399540904,2.803249065258112,1
0.9886054205707797,-2.910018492582875,1
-3.114389250504585,-2.147422454353923,0
2.162722414374642,-1.892764695456157,1
-2.171872741656743,-1.4752006261086255,0
1.4002044833641614,4.0725491162809195,3
1.5175674261159764,-2.7662932617933276,1
4.28901555376756,1.3319441327027084,3
0.8980712772071959,-2.2430566410790664,1
-0.8819790838624046,0.9616037124341705,2
1.3156904897706005,0.5620101825388653,3
1.9002566114365076,-2.2361554580546312,1
-3.4718321524133273,-1.2159839457835586,0
-1.7035643463455776,1.5442151569271432,2
2.370633307195924,-2.230374356603413,1
1.3534004818150327,-2.370103057735065,1
-1.8261915792545476,-2.9252683433383644,0
2.3978482588092267,-1.4322869975099193,1
-2.7173589354641803,-1.6144267717281704,0
2.059891516833556,0.5132596123923217,3
2.1667225559919077,-1.6765847483514806,1
-2.315857106837085,2.2198011762448147,2
0.40012071971670515,2.9301657755180073,3
1.938372897065995,2.339946694623543,3
1.9005497324793967,-0.25136669237593523,3
1.7902068237566824,0.7240898022826132,3
-2.5109319995676618,1.7905290050056164,2
2.132374947814085,1.2195911900009744,3
2.1050749158759112,0.08966838722290449,3
-1.6030591671302776,2.1783955186898862,2
-3.95321659937653,-2.6172491775158933,0
1.569320989632704,-3.1824214606451746,1
-1.8471721341840182,-2.771107491628187,0
-1.4644065767177343,-3.3005775172914245,0
-2.4738211291977197,-1.6955540215202913,0
2.0738645029779974,3.7657973096405373,3
1.4670456042744084,-3.3295084308508947,0
-2.9478794119349976,-2.4435654903136066,0
-3.0012478755599066,-1.546449602424652,0
1.1548551868741201,-2.987850355336719,1
-2.235803171994207,-1.5423974842701007,0
-2.262252425388933,-1.958928062373466,0
2.3087458829302356,0.8872669491189646,3
1.4150668901510868,2.9386228243223664,3
-1.5940270752297505,2.184284165984279,2
-0.21522949916463774,-1.1676051879397493,0
3.0135934621451286,2.9323827936450533,3
-1.3799586250545146,-1.9872602433278204,0
-1.0397712186268124,2.015094712593177,2
1.413377075173595,-2.813860243097559,1
-0.34540001236673157,1.589948946493412,2
-0.20250918190511458,-2.9338393810848076,0
-1.9641210590274076,-2.3556111194229787,0
4.548694498430006,2.5476678688328827,3
2.240723514022041,-1.3829558602067988,1
1.9421197809356041,-2.8442144395661284,1
-2.8787492746742243,-1.9407688090048598,0
1.761787579077371,1.2267569215833274,3
1.7916184235206138,-1.7547067882476761,1
0.376806832878092,0.7867090995167323,2
1.1397810679973186,1.4570161660100514,3
0.895411117978661,-3.059389590171345,1
-1.2865377873372135,-2.1660884811703798,0
-1.37482772715149,-1.5219439534286152,0
1.9025083377653502,-1.7143704638002581,1
-0.5535545325481663,-2.1356720406854124,0
1.6282291869527534,3.11558845787524,3
1.6213055903997866,3.2906257485008026,3
-1.9295068078855255,-2.504444306501936,0
0.02164877554043043,0.8907645249752452,2
2.8956688831864765,2.915965378696883,3
-0.040178262008342625,2.8987118043319393,3
3.9421207967999807,3.2905926739130535,3
1.4540217558965431,-2.3581078477902193,1
1.4500364488518445,-3.470955882988337,1
4.480909598516336,3.3823371983179396,3
-2.0339421888438873,-2.1984695439861546,0
1.6888912537222867,-3.022696402354897,1
-2.4182637488934313,2.0831214602096573,2
3.3877453147563363,2.285790546264719,3
1.9490291420586696,-2.079594187785499,1
3.761549695959596,1.5345220627236624,3
2.0407643555420014,0.7231474944019292,3
-2.263927649022678,-2.614072178730826,0
-1.9613252519285296,-2.1829142611221415,0
-1.949867189551069,1.8202666819362021,2
3.252223886304221,0.4609885942107961,3
0.687580880704451,1.831944673407747,3
-3.2518581805440103,2.8774167214357376,2
-0.3144610000590127,0.5241703122937302,2
-2.6991816322454674,2.2334131718353136,2
-0.7876299168972363,2.055366943446619,2
-2.7910704482524826,-1.9213549067887,0
-2.7220132785213003,2.2504505269977764,2
1.7038886571712382,-1.519638155539921,1
-0.11660913088553682,0.3229433156165553,2
0.30128299298984684,1.153099504239199,3
2.947269890159231,-1.4647000022275805,1
2.7578463021470427,3.308272970629006,3
1.2974360038677761,2.2134445685409982,3
-1.7576522987531134,1.823896601190259,2
-2.1433403099426798,2.0966796378249457,2
-1.8983896533434252,2.029514581774207,2
1.5716767859336027,-2.2077747160940935,1
-0.42200966077688173,1.0720783424305516,2
2.3917869620835948,1.4464720331838667,3
2.275839423913796,-2.227339616149097,1
-3.4882066017714637,2.9310029669974265,2
-2.652668655305499,3.00936206920367,2
-2.026528539003676,2.0073171139516663,2
-2.6136726085590705,-2.5068372559820773,0
-1.7813817633780857,-1.6915822124216735,0
1.2030199141021116,-3.400404820283531,1
-0.6603727123211218,-1.7917029726465774,0
1.7051724636241017,3.4199952710130375,3
0.7424991308882034,2.8912794047806063,3
-1.8912990870095974,0.9813175829754945,3
-1.9837532474743016,-2.75059865014661,0
3.1887578006418065,-0.4157610343879201,1
-2.894163286287445,-1.9037143573014412,0
-3.8265003526848513,-3.2264030785574134,0
-3.3187962019812014,2.8837578392517824,2
0.2494362751621797,0.5183954092504293,3
2.3986332681193656,-1.6677240082503144,1
2.73068492172322,-1.4882444925514058,1
1.2563643491119412,-0.04765551101129395,3
1.513466415390486,-2.1182524930992845,1
-1.8461941918590916,1.283919512617026,2
-1.0120366110621588,0.13862464240276373,2
1.0228204993905532,-2.981839902451103,1
-2.442041117517344,-2.335088002897677,0
2.1785841589571553,-1.8248315342077772,1
-2.4732639667073966,-0.6508704342172678,0
2.2876073033323507,3.0255375841409498,2
1.8661701860204742,1.5481452330324574,3
0.00905314071590535,-3.045821653724383,0
-2.2159806406937355,-1.6473383100457206,0
3.1680726170561533,1.788663001247647,3
-2.46578485876858,2.4106739518696,2
2.6913604224257774,-1.0152657249395918,1
1.7265460966276895,-2.3706553399580215,3
2.2618848467563066,0.5782175992882761,3
-4.874632483972496,3.77907004861834,2
0.25849925204741386,0.09370481446216772,3
2.147572303382188,4.711028826060737,3
-1.343499455849218,1.5562893749717144,2
1.6866481315832869,4.029436683769324,3
1.7513394235974369,-1.803525999173539,1
-0.8953956208553737,-2.8374610415005277,0
1.6175984175967792,1.7174166104312603,3
1.9269055825222952,-2.1273520082600452,1
-1.5415912321980074,-1.7307237859324884,0
2.1347138402373753,-1.5281594340073743,1
1.4932406493654828,-2.218849853388142,1
-1.1116134490500007,1.2372269034901677,2
2.901295178468281,4.479282429978754,3
-1.4819818165645082,2.2317793542298814,2
-0.6634331400710693,-1.6228991599723697,0
-0.8869723374339185,0.6356125352008326,2
-2.88181794446915,2.4201077609497412,2
2.3671701731593613,-2.444892773430343,1
0.9328762935011679,1.346440954230737,3
-0.5064449762444185,1.6462703889935115,2
-1.649749590483295,-3.614443394806705,0
0.8107725409209903,0.8746832296731872,3
-2.6040857384345055,2.2752033992192158,2
1.2344180928262645,-2.3130858942630343,1
-2.0467912825264802,1.2157372240072342,2
2.7138991704383066,3.1174159521528253,3
3.4982340200826316,-0.17886820760482847,1
-0.37375675975468403,-1.0002059059105606,0
2.360893341972641,-1.342405107985278,1
-3.145295359068661,3.2340855467379144,2
1.127252533029129,0.3698900112387733,3
-3.2166041551651174,-0.6897234085959529,0
1.3393515708621986,-2.4959637083862525,1
1.6556418337892884,-1.7073715880380154,1
-1.7724185948083915,-3.1676923081021284,0
3.63987442283383,0.7929315062830373,3
-2.545553348025401,-2.8373645958751474,0
-1.5375137390572966,0.9933666300885613,2
2.0275269953107524,1.5495222708515346,3
4.6331216547833405,2.5792099816773386,3
0.4805106455419117,-1.1045693863809278,3
1.7486543344773773,-1.644372603050282,1
1.8555887958702537,-2.296356438694616,1
-1.4615505008990595,2.075025975222089,2
0.987090888132292,2.781371462988868,3
1.6227930823445784,-2.5669813736779608,1
-1.3776943238729653,-1.2079914031200536,0
-3.4804070548786497,-1.5335756567965044,0
1.750738191049029,-1.7690917224599505,1
1.5159877032879199,-2.735544170163675,1
-2.0770573717769802,1.9456321389206095,2
1.8310822191372753,0.879300513007639,3
-3.8822527608371766,-0.18374315312346345,0
-2.1430751246988238,-3.0186000208165895,0
2.9937022175601724,2.1409130468168978,3
1.7664264463565664,-2.2929314574033106,1
-3.0562898613865723,2.11730975952435,2
0.8463835748616071,1.7305076572320202,3
1.24270298455628,2.3175942929521596,3
3.0604267695388963,1.4764060071135783,3
2.4434683505885504,0.35272395226281783,3
-2.35648245112832,2.2152045132635796,2
-0.10481219162814126,-2.330247305229039,0
1.4004866759033572,3.9816953166869613,3
1.648160282899716,-1.9561864665897906,1
2.176734288768259,-1.7751256070009642,1
3.7397010115263813,3.695158915828493,3
1.3181158975139002,2.9887411105364876,3
-0.46562525641742414,0.9857926359005091,2
-3.0455040295102607,-1.6525740872881545,0
-1.6796206402835328,1.8121478659546282,2
2.1066150804531656,-2.3709243899706576,1
-1.202149066271062,-0.2331889694771505,2
-2.5630522686205297,-1.6062988970339627,0
-4.2761500093748,3.6605807643116433,2
1.448526117218285,-0.06581448195341322,3
-1.3720795670793613,-1.9196131447564202,0
2.369981743631452,2.5282730767126433,3
-2.643634695787764,2.8699001901327006,2
1.594717829221923,1.366283093023425,3
2.1780207242279115,1.6662275957022548,3
-0.9961301683528527,0.8530401096085745,2
-1.8771983644603256,-4.051352864592445,0
2.2321720479096627,-0.9212365926045427,1
2.1339758875233334,3.1313632041172217,3
-3.32276296889362,-2.6871201599330696,0
2.3040235951721146,-1.2056679040931813,1
0.5776744494266586,0.4884141314466306,2
-2.4323599993854645,2.2523657400143375,2
2.4239693406789757,1.9503329702794368,3
3.8538702000261056,3.9874906997127937,3
-0.4498034130163837,-2.5814759849651594,0
0.38903653025242013,2.642573963199793,3
-2.8436569766296524,2.5023036340706013,2
-2.1570704731160864,2.4887749925807348,2
-1.6427169184727188,1.7973590823632777,2
2.6900057726681865,2.0747130646974634,3
1.9808686065108212,-3.0319566291847027,1
-1.3536354338052312,-1.2108011343456964,0
2.393702831386873,3.0717298255730463,3
-1.771919372068035,-1.4523499759120062,0
-4.023503343881249,3.524208599647423,2
-2.12238524366903,-2.5127953010661788,0
-2.4055997569436527,-2.1742142725350364,0
1.6062734474384381,-2.609080018907584,1
2.0557546236401767,3.570929038581018,3
-1.8333493252568591,1.7172395255005621,2
1.6730091429576082,-2.0423644969378705,1
2.521278008152523,1.9864267076821691,3
-2.1843860199233207,-0.959755674390083,0
1.479233205641182,-2.8260510357607207,1
-4.21081723027015,3.222673527932897,2
0.5000624510303542,1.5395247432348982,3
-3.324671798923155,2.1929254626764685,2
-0.48512610221033814,-2.5580574601325,0
1.3943435861249844,-2.462206854478828,1
2.7363385096832165,0.1377249673736427,3
0.4869848938761656,1.5710594366787412,3
-2.410674463286988,2.2217768462924687,2
1.102572692601632,-1.9191455890768907,3
-2.499358536497037,2.573605350699771,2
2.4569959178682157,-1.3869437969647724,1
-2.6183743070912615,-2.4881412365217193,0
1.881005267842282,-2.5551107463804774,1
2.2985437185215396,-1.9706828037390158,1
-4.470797609599545,3.2930399559690384,2
2.4388958958689906,-1.2376383133585755,1
0.38778376796838376,2.229113542150893,3
-2.3694978587936015,-2.161684195986898,0
-2.2108620047527454,1.242246140683251,2
-1.5084348967420516,2.0657405927653687,2
2.4863263956458974,-0.8116397833999074,1
2.0060242332754874,-2.4962457474155513,1
-0.7985790057544209,1.2728629273466994,2
2.2850890203748753,-0.9362910101423552,1
-2.242524167925045,2.071020812975009,2
-0.49318449054086755,0.41692264608739826,2
1.165860050161331,1.7983338087404308,3
-2.5652408470904127,-2.220785583612416,0
1.2823745362018406,-2.608570876464225,1
1.3466377784793797,-3.2922886786209253,1
1.7820644995419954,-2.0233842170787497,1
1.1186670875326343,-2.9171907948189677,1
-2.9582270483102096,2.7800979793699594,2
-1.8775132988476875,2.2414956250449927,2
2.196231063666812,-2.043588519561754,1
1.793769742313456,-2.4619833725463005,1
-3.759131292936974,3.186530668928115,2
2.754293557878328,0.5095708819351157,3
-1.7491546704493552,2.2111218316416585,2
-2.5896338438468356,2.413530104068478,2
3.1505507729316076,3.2442287662646425,3
-0.9416834663440137,1.662979572732811,2
2.028715004072095,-1.079631012427649,1
2.270256209921514,-1.8347129259114958,1
2.183596464686319,-2.4729434167249034,1
-1.8044136352075282,-2.4948595498877224,0
2.036856822378735,-1.5031723555764778,1
-0.8485310888821431,1.2244353620286939,2
-2.5683963918009503,2.371585399407682,2
0.8164430604233477,-2.987836970838013,1
1.27641482207591,0.7952818626639957,3
-1.9094204379954305,2.2175513274565866,2
-3.4771904972089187,-1.1508402248514544,0
-2.217790158146968,-2.059013062950402,0
-3.9571666330628923,2.8202667707628732,2
1.638938192149275,1.570842685016598,3
2.706140825490386,2.6400283859216334,3
-0.5647545676109613,1.5352242980285025,2
-2.6515193187926904,-0.5690465464741195,0
-3.489125906486384,2.7586485944734775,2
2.531867586117788,-1.3695932183117563,1
2.7835450413699854,3.0396105902816775,3
-2.0482420239884886,-1.372107812982963,0
1.2466382155857625,1.8602037924009474,3
2.2781018235395,-2.0523768108175524,1
-3.286856357632725,-2.1289916859952354,0
-2.1737149356023706,1.9306938030602019,2
2.5435055387001446,2.2234394284764716,3
2.0737071742731263,-1.8014209768142828,1
-1.2406689054316589,-2.354923842199949,0
-1.205490318331735,1.791482006924556,2
2.677287379299746,1.8304386936625867,3
1.7786087760140967,-2.0615096703782387,1
1.8769366424624276,-2.2646416417470157,1
-3.8966444710755974,-2.583852307773773,0
2.1512830321869516,-2.5558376165188994,1
1.6702082586876545,-2.739609874019903,1
1.385315798699859,-2.0613514786343186,1
1.7973991242057368,3.17664447372119,3
-2.280806567105304,2.0268218746760245,2
-0.8664038929724749,-2.3785478464578826,0
-2.496077919247051,2.3152944092027266,2
2.2745665400191903,-2.60091369900674,1
-0.2403690811226662,-3.0407013472323756,0
-0.45474315915427055,-2.0620962831051584,0
-2.9164097625561296,3.591962621142856,2
3.2593461636259233,3.428302853502532,3
-2.5556027542011925,1.688275452243011,2
-1.6454743614306993,-3.5349582724375463,0
0.13144744739683922,0.657724114314119,2
3.0876369418474052,3.882530905598006,3
-1.14576721782484,0.6965046120247205,2
2.1215292875191336,-1.9576443237902192,1
-1.6380916091067173,1.2417313888139758,2
1.5304450078646394,1.947428137969187,3
0.9268927844615162,2.3519862863950323,3
-3.15788258365677,3.164095458283299,2
3.7160559572163345,1.3955403181196266,3
2.0426892206558263,2.2932859842299913,3
0.5712962267266462,1.9941335443119945,3
1.3236422417834324,1.3367150406074795,3
2.287592838909207,2.7684516612251393,3
-0.8469603090106386,-2.0404710559447174,0
-3.798143086169003,3.2154662902539317,2
-2.9042170835304986,-2.794213503393417,0
-0.49997565872823424,0.3770832238702979,2
0.7480284412342146,1.8971498591064964,3
-2.2301701823587456,2.0704833407619923,2
-3.704312635874365,-2.3433206834780855,0
-1.9200074100642583,-2.0799369925701963,0
-2.4015908566077013,-0.9830584841676058,0
-0.8529153096214306,-2.3299513546147423,0
-4.68772902201506,-1.729815488715008,0
-1.7483352909097338,2.386437520083134,2
1.7582225728066192,-1.6925692890402189,1
-2.785347579277537,2.2973598191044653,2
-3.5948544747238262,2.319115097379837,2
-1.5553137994388309,2.0088655466750005,2
-2.7725166036894113,1.8830928923666896,2
2.2124955527244374,-2.484819460188518,1
-3.00648972830032,3.301419808857175,2
-2.1849543509239626,-2.988079122354173,0
-3.107825779357884,2.438058661324662,2
-1.8253005007723069,2.1582803067381913,2
0.38002350002888585,3.239015294071284,3
2.507126821814787,-1.4977098095657677,1
-2.0192889363971913,1.9334830109150338,2
-1.9974881517102099,1.1008833591358844,2
-2.1998684808600215,2.128653660942763,2
0.6569645894780738,3.8413145595628455,3
-3.6688900579349886,-1.5879132652318995,0
2.0916980276359105,-1.988384127042618,1
-2.4893962415041706,-1.023734623028934,0
1.8554196534607375,-2.2740331796879274,1
-1.1541034216281116,0.6365054245884358,2
2.2526746078568975,-1.646287247202297,1
-0.6176910254785248,0.8051132640345016,2
3.493188017234199,0.781438486267584,3
1.9094268581310085,-2.4755882511802363,1
3.094090322044705,3.898874125875948,3
1.1050916058062938,-2.9075393076512897,1
1.8798289172874132,-2.411097750477224,1
2.165203886743684,-1.6688888253765217,1
1.5236502499290352,3.7217536115685097,3
-2.3866603645479594,-1.6602741456819772,0
0.2623304806795419,-2.9058513269473183,0
-1.2143747876305473,-1.2195847803016795,0
-2.614957546826588,2.6590635015750195,2
1.5288171140849949,-1.888657779561276,1
-2.3782061463698096,2.1091667041828046,2
-2.7758950582365465,-1.7043128127400866,0
-3.0864291464847633,2.3725720745714742,2
-2.1313634082944715,1.4013259346729796,2
-2.3976207700695826,2.0165912497158316,2
1.3639499610570094,0.7541127506677927,3
1.7917119937715176,-1.8093902326758264,1
-2.841191361916339,2.0016983163980493,2
-2.639645955443837,-1.0153677937167278,0
-4.4939264902535925,-2.2806233100130138,0
-3.288837862799405,2.6325313468569425,2
3.576681693784523,3.2962885558753197,3
-1.6135019562021093,-1.1397398585690397,0
1.5432136211492864,1.7127424982414938,3
2.3008070580426905,-1.1553123796116191,1
3.321360010321508,-0.777944175035002,1
0.19038037797635976,0.7598018122111936,2
1.5129078798993691,-2.141433592977051,1
-1.872943060458537,-2.6860700841366993,0
1.6068423474358968,-2.05244878053208,1
3.4358156306541,2.842226987543833,3
2.162394311947125,0.9791687949457819,3
1.6409055839244546,2.507702191479298,3
1.6192679827175196,0.9961681444305093,3
1.563602432231066,-2.357468187382285,1
-2.5752665059325506,-2.4276897262256094,0
1.0943798739072716,-2.596583803122275,1
3.3947234154385155,0.6371145637948767,3
-3.6178068021762337,2.894823859466496,2
0.8520061291726404,-1.9279237714306057,0
1.7292499794757983,-2.5370827130776625,1
2.7622826608872777,0.3231508290398648,3
2.332390846823856,-2.561881532817968,1
0.3736892036333006,-2.052423046704509,0
-0.8630380705546752,-0.3218489176252346,0
-2.069595531587089,-2.159391381080408,0
-0.7351053854394727,1.348508990382784,2
-1.8640530088825957,-1.8679792962142154,0
2.5634659489733,5.200640822480498,3
2.7069036020509563,-1.4015348092902826,1
-1.9695826242832908,-1.6771985458995438,0
-3.3060795487058847,3.3233243178202936,2
1.19361592409072,2.465268799769743,3
-0.7143433489143791,-1.9484577147852522,0
0.9741424860324965,-2.2094232461575443,1
2.510868661718278,-1.8296505184243652,1
2.4456037574692284,-1.7717854282203005,1
1.9945103401758886,0.2666261346527907,3
-2.271688824341594,-4.3358267895802145,0
-1.1333777276907142,-2.7614231713912356,0
2.0614541666691495,-2.2921235825869553,1
-2.177871615002284,-1.1116730268610575,0
-2.581408126568041,2.8792756873165133,2
1.5914476203354213,2.4490724611261703,3
-1.2360090994209487,-1.883023528789264,0
2.023753610146184,-1.333351981479658,1
1.3746045642823104,-2.912794443213172,1
0.03882601487710691,1.3904953629311345,3
2.338704717752519,2.335581394037998,3
2.808539583816013,2.169701623481363,3
-2.351142453278663,2.272865652710585,2
2.507711868279828,-1.391518786155817,1
2.886900593934023,3.4840856775517857,3
-1.7902959115883816,1.360683516435572,2
2.388369324556497,1.681975802215867,3
-0.4185796057466473,-3.3303120192107043,0
-3.277780007694682,-1.7081792420007398,0
-0.35695625669938025,1.92470205642761,3
2.236523851192725,-0.04952929851543386,3
2.144977914194119,-1.537890132670965,1
-1.7964394609443604,-2.1886221144971314,0
2.120266823986558,0.6848268805822302,3
-2.2469264771824684,-1.816908263610152,0
-1.535694104635758,2.267385212045709,2
-2.0163764935956805,1.376085650726871,2
1.5528365260247758,-2.169150667447476,1
2.2279900854384427,-1.8272806723187822,1
-3.5864889083429077,-1.0171444138855157,0
-1.1062089162629847,-1.8951595199924298,0
2.8034453769931638,-0.7173204940467484,1
-1.1606224797619054,1.5786494876627388,2
-0.9959099344343745,1.050317944109434,2
-2.2501583455271965,-2.8652291805926313,0
-0.6819456492603209,-1.8406094835306177,3
3.8562156703173365,2.163797476900001,3
0.3805769295439343,1.4803415992515059,3
2.36777285656825,5.636961158177204,3
3.1338596782258854,-0.5257238725358708,3
2.2748637075121194,-1.9782434228610246,1
-1.923831329495112,-2.164633959967505,0
-2.6428478499988515,-1.4041779347038863,0
2.5232344985975663,0.6055417375958327,3
-0.17995373647461443,0.5788665808155999,2
-1.3544815710506177,-3.3493524657254206,0
-1.0642693870912947,-2.751935384384109,0
2.409920106081215,-0.6238940421835228,3
-0.9287913017443177,-2.3073108880403397,0
-4.613128884630597,-0.9109732280293128,0
2.3828127956207728,-1.6696003133717499,1
3.532541037042797,0.018540043046805454,3
2.107822100841244,-2.144966728394977,1
-0.46082523981414525,-1.5510124062143222,0
2.7486707777995285,-1.2179182867209217,1
1.0202439170638486,3.6808116589429973,3
2.9560833472066137,1.1168263147686854,3
2.1636728044089635,1.0655957948385346,3
-1.1986769149216372,-1.8200589156996683,0
-0.6755958044874242,1.1545949348602833,2
-3.4554115326270223,-1.5850921545064078,0
2.5962831588443738,-1.3983252279302507,1
3.7611068635146,-0.22842685889644465,1
1.7413127745508095,-2.3017486011106225,1
2.9572495144486255,1.6474024932813585,3
-2.949268621916991,-2.5933578428970745,0
-1.5354977925583875,-1.6892408806964856,0
1.2322765317411113,3.67227845631671,3
-0.3105753928700885,-1.3910876184333447,0
-1.4201515270962277,1.0930968511516985,2
-2.872588537582582,2.205685685498959,2
2.44747174629643,-1.3009498460631281,1
-1.8804330308239328,1.6620216747518373,2
-3.327328692867207,-2.2683715637032247,0
2.618072965994491,-1.3770350907249704,1
-1.7057930968621704,-2.613981167394437,0
-3.22040310724534,3.1346943560147817,2
2.0078104178460454,-1.8328443255767448,1
0.1837513898138603,0.8980886551816867,2
1.6040953974195125,2.446543357060032,3
-1.9013341998945905,-0.8593873289971015,0
-1.529347209165998,2.3811298102499117,2
1.955173046019622,-2.1233762679021058,1
-1.2444708825579025,1.357475025187894,2
2.711899412412492,-2.3338839829392195,1
2.2609652126010467,-1.5978079656354256,1
0.5873211722244291,-0.2730493778857417,3
2.3391525294680777,1.8462008096863685,3
1.5873504752185186,0.8394375911239962,3
3.272211396785954,3.6734313953412885,3
-4.217223889424302,-2.5096068957049806,0
0.955686829681643,-2.4839858936751087,1
-3.8672223047770293,3.2003676262552623,2
-3.1547377187577634,3.1428955318603125,2
-1.8053395972229884,0.7230673044271021,2
-1.254086154187651,-1.0919196948956322,0
-2.2435353370646,-2.9035554590219794,0
-0.49845274605831835,1.444442063905373,2
3.3504633450751635,2.97418114618639,3
-2.0057156706121813,2.130690536817893,2
-2.0236502572025112,2.040028160450197,2
1.2318326714749765,-2.0866054754385126,1
1.6994850085513538,1.7242451937687169,3
-1.6745224400165748,1.4082725473883917,2
-2.451473980172272,2.4059486834898465,2
2.5293988632005675,3.775740591157003,3
-2.29689173246016,2.4775806118159087,2
1.0891347987847584,0.4406464664642551,3
-2.48020140216139,-0.4391279951712008,0
2.897370314318115,1.6952687206202475,3
-3.1673114289007165,-1.59513595193196,0
-2.435603888337102,2.1589706454678534,2
2.6103092125070493,5.279125442899623,3
-1.0468090072800633,-1.9685759166401164,0
-0.7762582655325483,1.970003280009333,3
1.9812360838264782,-1.9672721625935519,1
-1.3480474194364083,-2.130633513674818,0
1.5711908030187405,-2.511715996013341,1
2.4016352094040907,-1.612776058673707,1
-1.6250314745970165,1.7147552126027898,2
-1.8847117870163295,-4.5540329370573485,0
1.048558852435259,2.7321060238798878,3
-0.8781725100365101,-2.4860702893366065,0
1.578685532368837,-1.8232393916406764,1
1.2665182802782813,1.6032327052175168,3
2.5628485695437693,-1.0861338214876775,1
-0.8782761379478561,-1.7101420205509563,0
2.5522455432868583,0.6214734585434276,3
2.5711625529790503,-1.2612256121931185,1
4.747581040854211,1.2594511117977178,3
-0.2903349797632695,0.2036702331210356,2
-0.5282663134729766,-1.6982664190645358,0
-3.2276330042143266,-1.393626393895202,0
-3.316410880790253,-0.4200362155762072,0
-2.2825948497758035,2.8485820691828794,2
2.671457178754976,0.580212088422351,3
3.2517851277590024,1.5646222892944532,3
-2.2460069144765606,2.198578100463733,2
-4.412549854901808,4.329398990188642,2
-0.8191735039929164,-2.123628529137905,0
-2.606861811500933,-2.667977648632771,0
-2.5870461000520053,-3.7269166364596606,0
1.9838358706631607,-1.963790355836163,1
-1.4505046496571818,-1.4230744413812995,0
4.103908571912813,4.18453437680693,3
-3.1737872513791654,3.506030060439424,2
-2.5885290456430967,-1.7323477420236975,0
-1.4043086108793057,-1.823343327463859,0
2.5619334172053776,-2.016950256418606,3
-1.9886583351837221,2.1699353338719867,2
4.1152357780528215,1.4639834762509698,3
-1.767451833856495,1.8078017211141189,2
1.099129123934683,2.1336508444058637,3
-3.79468469619247,-2.1627012990539174,0
-2.0202666104107467,-2.2503407225929246,0
0.12141776535230697,0.43338887947961946,2
1.42881774894649,-3.058268981431347,1
3.4153694660811094,0.1779209822814063,1
-2.0089721921735615,-2.1519457208176114,0
2.496719439897432,-2.0150034084095236,1
-2.4751496741719503,-1.1650375504132795,0
3.2883098298703417,4.748579549056303,3
-3.1595446224365933,3.0342276655480744,2
1.807104595000149,-1.5450657351330133,1
1.4751728744072825,1.7300901849644916,3
-0.7257752322460949,-2.7087512312468567,0
-2.4922910859831777,-1.37291356595003,0
-1.085654268389971,-1.408987151283019,0
-2.824616069701002,-0.8799690484742133,0
0.48516702245576937,-4.375884722464759,1
3.9742169135057543,2.66058000685999,3
-2.9797746608114517,2.54167409329719,2
-2.5623773320276104,2.373720749729879,2
-2.677202554366799,2.4057177624934605,2
-3.299805708329587,-2.0710525941087727,0
0.03740291190952272,1.3908225981054454,3
-2.1135286660700503,2.406925545060082,2
2.967105897129998,0.2374732042807175,3
-2.779556065699867,-1.7113149868794482,0
-2.588580727899103,-2.272679980490823,0
-3.7910052744383353,-0.9866236580301377,0
-2.808075465410168,2.4562370796205206,2
-1.7358489931833856,-2.243029554944096,0
-0.2635273382012844,0.5321587616798074,2
-1.2395072248023715,1.7363842997812486,2
3.282176107841381,-0.7268168621739828,1
3.143259599819962,3.2230264543997444,3
2.4250431050592915,-1.2365000943232805,1
2.330195320402751,4.72180950800673,3
-2.0108407581043206,1.426339330318569,2
-2.008732432514575,2.245401937353583,2
